INVOICENO,"STOCK CODE",Description,Quantity,InvoiceDate,UNITPRICE,CustomerID,Country
536370,22752,"SET 7 BABUSHKA NESTING BOXES",2,"12-01-2010 08:26",7.65,15291,"United Kingdom"
536371,21730,"GLASS STAR FROSTED T-LIGHT HOLDER",6,"12-01-2010 08:26",4.25,14688,"United Kingdom"
536377,22749,"FELTCRAFT PRINCESS CHARLOTTE DOLL",8,"12-01-2010 08:34",3.75,16029,"United Kingdom"
536380,84969,"BOX OF 6 ASSORTED COLOUR TEASPOONS",6,"12-01-2010 08:34",4.25,12431,"United Kingdom"
536381,22623,"BOX OF VINTAGE JIGSAW BLOCKS ",3,"12-01-2010 08:34",4.95,17511,"United Kingdom"
536382,22622,"BOX OF VINTAGE ALPHABET BLOCKS",2,"12-01-2010 08:34",9.95,17548,"United Kingdom"
536383,21754,"HOME BUILDING BLOCK WORD",3,"12-01-2010 08:34",5.95,13705,"United Kingdom"
536384,21755,"LOVE BUILDING BLOCK WORD",3,"12-01-2010 08:34",5.95,13747,"United Kingdom"
536385,21777,"RECIPE BOX WITH METAL HEART",4,"12-01-2010 08:34",7.95,13408,"United Kingdom"
536386,48187,"DOORMAT NEW ENGLAND",4,"12-01-2010 08:34",7.95,13767,"United Kingdom"
536387,22960,"JAM MAKING SET WITH JARS",6,"12-01-2010 08:34",4.25,17924,"United Kingdom"
536388,22913,"RED COAT RACK PARIS FASHION",3,"12-01-2010 08:34",4.95,13448,"United Kingdom"
536389,22912,"YELLOW COAT RACK PARIS FASHION",3,"12-01-2010 08:34",4.95,15862,"United Kingdom"
536390,22914,"BLUE COAT RACK PARIS FASHION",3,"12-01-2010 08:34",4.95,15513,"United Kingdom"
536391,21756,"BATH BUILDING BLOCK WORD",3,"12-01-2010 08:35",5.95,12791,"United Kingdom"
536437,20679,"EDWARDIAN PARASOL RED",6,"12-01-2010 09:02",4.95,17572,"United Kingdom"
536466,82483,"WOOD 2 DRAWER CABINET WHITE FINISH",2,"12-01-2010 09:02",4.95,14237,"United Kingdom"
536477,82486,"WOOD S/3 CABINET ANT WHITE FINISH",4,"12-01-2010 09:02",6.95,17905,"United Kingdom"
536508,22752,"SET 7 BABUSHKA NESTING BOXES",2,"12-01-2010 09:02",7.65,15605,"United Kingdom"
536514,21730,"GLASS STAR FROSTED T-LIGHT HOLDER",6,"12-01-2010 09:02",4.25,18144,"United Kingdom"
536520,21258,"VICTORIAN SEWING BOX LARGE",32,"12-01-2010 09:09",10.95,15922,"United Kingdom"
536524,20679,"EDWARDIAN PARASOL RED",6,"12-01-2010 09:32",4.95,16456,"United Kingdom"
536529,82483,"WOOD 2 DRAWER CABINET WHITE FINISH",2,"12-01-2010 09:32",4.95,17873,"United Kingdom"
536530,82486,"WOOD S/3 CABINET ANT WHITE FINISH",4,"12-01-2010 09:32",6.95,13093,"United Kingdom"
536535,22752,"SET 7 BABUSHKA NESTING BOXES",2,"12-01-2010 09:32",7.65,16048,"United Kingdom"
536536,21730,"GLASS STAR FROSTED T-LIGHT HOLDER",6,"12-01-2010 09:32",4.25,16274,"United Kingdom"
536545,84997,"RED 3 PIECE RETROSPOT CUTLERY SET",12,"12-01-2010 09:37",3.75,18229,"United Kingdom"
536546,84997,"BLUE 3 PIECE POLKADOT CUTLERY SET",6,"12-01-2010 09:37",3.75,14142,"United Kingdom"
536561,22139,"RETROSPOT TEA SET CERAMIC 11 PC ",23,"12-01-2010 09:41",4.25,15752,"United Kingdom"
536562,84854,"GIRLY PINK TOOL SET",5,"12-01-2010 09:41",4.95,17855,"United Kingdom"
536585,21533,"RETROSPOT LARGE MILK JUG",1,"12-01-2010 09:41",4.95,14491,"United Kingdom"
536587,15056,"EDWARDIAN PARASOL BLACK",2,"12-01-2010 09:41",5.95,15923,"United Kingdom"
536588,15056,"EDWARDIAN PARASOL NATURAL",2,"12-01-2010 09:41",5.95,16752,"United Kingdom"
536593,22778,"GLASS CLOCHE SMALL",3,"12-01-2010 09:41",3.95,15738,"United Kingdom"
536595,21523,"DOORMAT FANCY FONT HOME SWEET HOME",10,"12-01-2010 09:41",6.75,17381,"United Kingdom"
536597,21912,"VINTAGE SNAKES & LADDERS",8,"12-01-2010 09:45",3.75,14180,"United Kingdom"
536603,22726,"ALARM CLOCK BAKELIKE GREEN",4,"12-01-2010 09:45",3.75,16510,"United Kingdom"
536604,22926,"IVORY GIANT GARDEN THERMOMETER",12,"12-01-2010 09:45",5.95,17802,"United Kingdom"
536605,22839,"3 TIER CAKE TIN GREEN AND CREAM",2,"12-01-2010 09:45",14.95,15107,"United Kingdom"
536606,22838,"3 TIER CAKE TIN RED AND CREAM",2,"12-01-2010 09:45",14.95,17976,"United Kingdom"
536607,22783,"SET 3 WICKER OVAL BASKETS W LIDS",4,"12-01-2010 09:45",16.95,14449,"United Kingdom"
536608,35004,"SET OF 3 COLOURED  FLYING DUCKS",-1,"12-01-2010 09:49",4.65,15838,"United Kingdom"
536609,82484,"WOOD BLACK BOARD ANT WHITE FINISH",3,"12-01-2010 09:53",6.45,16781,"United Kingdom"
536617,21340,"CLASSIC METAL BIRDCAGE PLANT HOLDER",2,"12-01-2010 09:53",12.75,15823,"United Kingdom"
536618,22189,"CREAM HEART CARD HOLDER",4,"12-01-2010 09:53",3.95,17567,"United Kingdom"
536619,22427,"ENAMEL FLOWER JUG CREAM",3,"12-01-2010 09:53",5.95,15061,"United Kingdom"
536620,22428,"ENAMEL FIRE BUCKET CREAM",6,"12-01-2010 09:53",6.95,16203,"United Kingdom"
536621,22424,"ENAMEL BREAD BIN CREAM",8,"12-01-2010 09:53",10.95,15640,"United Kingdom"
536622,22783,"SET 3 WICKER OVAL BASKETS W LIDS",1,"12-01-2010 09:56",19.95,15574,"United Kingdom"
536624,22960,"JAM MAKING SET WITH JARS",6,"12-01-2010 09:56",4.25,17838,"United Kingdom"
536627,22168,"ORGANISER WOOD ANTIQUE WHITE ",2,"12-01-2010 09:56",8.5,17412,"United Kingdom"
536629,84880,"WHITE WIRE EGG HOLDER",36,"12-01-2010 09:57",4.95,14775,"United Kingdom"
536632,79321,"CHILLI LIGHTS",192,"12-01-2010 09:58",3.82,17659,"United Kingdom"
536637,21754,"HOME BUILDING BLOCK WORD",3,"12-01-2010 09:59",5.95,14156,"United Kingdom"
536638,21755,"LOVE BUILDING BLOCK WORD",3,"12-01-2010 09:59",5.95,16995,"United Kingdom"
536639,21523,"DOORMAT FANCY FONT HOME SWEET HOME",2,"12-01-2010 09:59",7.95,13402,"United Kingdom"
536640,21363,"HOME SMALL WOOD LETTERS",3,"12-01-2010 09:59",4.95,18168,"United Kingdom"
536641,21411,"GINGHAM HEART  DOORSTOP RED",3,"12-01-2010 09:59",4.25,17757,"United Kingdom"
536672,21115,"ROSE CARAVAN DOORSTOP",4,"12-01-2010 09:59",6.75,16754,"United Kingdom"
536676,22941,"CHRISTMAS LIGHTS 10 REINDEER",6,"12-01-2010 10:03",8.5,14576,Australia
536681,21622,"VINTAGE UNION JACK CUSHION COVER",8,"12-01-2010 10:03",4.95,13145,Australia
536688,35004,"SET OF 3 COLOURED  FLYING DUCKS",6,"12-01-2010 10:03",5.45,14865,Australia
536690,35004,"SET OF 3 GOLD FLYING DUCKS",4,"12-01-2010 10:03",6.35,15093,Australia
536693,85014,"RED RETROSPOT UMBRELLA",6,"12-01-2010 10:03",5.95,12738,Australia
536698,85014,"BLACK/BLUE POLKADOT UMBRELLA",3,"12-01-2010 10:03",5.95,16150,Australia
536707,22193,"RED DINER WALL CLOCK",2,"12-01-2010 10:03",8.5,17552,Australia
536732,22726,"ALARM CLOCK BAKELIKE GREEN",4,"12-01-2010 10:03",3.75,14236,Australia
536733,22727,"ALARM CLOCK BAKELIKE RED ",4,"12-01-2010 10:03",3.75,17961,Australia
536734,22192,"BLUE DINER WALL CLOCK",2,"12-01-2010 10:03",8.5,14573,Australia
536735,22191,"IVORY DINER WALL CLOCK",2,"12-01-2010 10:03",8.5,17135,Australia
536738,22941,"CHRISTMAS LIGHTS 10 REINDEER",2,"12-01-2010 10:19",8.5,12967,"United Kingdom"
536739,22960,"JAM MAKING SET WITH JARS",12,"12-01-2010 10:19",3.75,12686,"United Kingdom"
536743,22968,"ROSE COTTAGE KEEPSAKE BOX ",8,"12-01-2010 10:19",8.5,13370,"United Kingdom"
536750,21533,"RETROSPOT LARGE MILK JUG",12,"12-01-2010 10:19",4.25,16891,"United Kingdom"
536755,22654,"DELUXE SEWING KIT ",40,"12-01-2010 10:19",4.95,14083,"United Kingdom"
536756,21485,"RETROSPOT HEART HOT WATER BOTTLE",24,"12-01-2010 10:19",4.25,13013,"United Kingdom"
536758,84030,"ENGLISH ROSE HOT WATER BOTTLE",24,"12-01-2010 10:19",3.75,16477,"United Kingdom"
536779,22619,"SET OF 6 SOLDIER SKITTLES",4,"12-01-2010 10:29",3.75,15373,"United Kingdom"
536782,22827,"RUSTIC  SEVENTEEN DRAWER SIDEBOARD",1,"12-01-2010 10:29",165,17238,"United Kingdom"
536785,22502,"PICNIC BASKET WICKER SMALL",4,"12-01-2010 10:29",5.95,14396,"United Kingdom"
536788,22180,"RETROSPOT LAMP",8,"12-01-2010 10:37",9.95,16725,"United Kingdom"
536794,21485,"RETROSPOT HEART HOT WATER BOTTLE",12,"12-01-2010 10:39",4.95,15465,"United Kingdom"
536795,22349,"DOG BOWL CHASING BALL DESIGN",12,"12-01-2010 10:39",3.75,15708,"United Kingdom"
536800,22188,"BLACK HEART CARD HOLDER",8,"12-01-2010 10:47",3.95,18055,"United Kingdom"
536807,22730,"ALARM CLOCK BAKELIKE IVORY",4,"12-01-2010 10:47",3.75,16168,"United Kingdom"
536808,22727,"ALARM CLOCK BAKELIKE RED ",8,"12-01-2010 10:47",3.75,16931,"United Kingdom"
536809,22729,"ALARM CLOCK BAKELIKE ORANGE",8,"12-01-2010 10:47",3.75,16814,"United Kingdom"
536810,22726,"ALARM CLOCK BAKELIKE GREEN",8,"12-01-2010 10:47",3.75,13269,"United Kingdom"
536811,22114,"HOT WATER BOTTLE TEA AND SYMPATHY",8,"12-01-2010 10:47",3.95,14813,"United Kingdom"
536817,15056,"EDWARDIAN PARASOL BLACK",6,"12-01-2010 10:51",4.95,18118,"United Kingdom"
536818,20679,"EDWARDIAN PARASOL RED",6,"12-01-2010 10:51",4.95,13831,"United Kingdom"
536823,82483,"WOOD 2 DRAWER CABINET WHITE FINISH",2,"12-01-2010 10:51",4.95,18156,"United Kingdom"
536824,82486,"WOOD S/3 CABINET ANT WHITE FINISH",4,"12-01-2010 10:51",6.95,16983,"United Kingdom"
536829,22752,"SET 7 BABUSHKA NESTING BOXES",2,"12-01-2010 10:51",7.65,15570,"United Kingdom"
536830,22803,"IVORY EMBROIDERED QUILT ",2,"12-01-2010 10:51",35.75,15880,"United Kingdom"
536831,21730,"GLASS STAR FROSTED T-LIGHT HOLDER",6,"12-01-2010 10:51",4.25,16718,"United Kingdom"
536832,35004,"SET OF 3 BLACK FLYING DUCKS",12,"12-01-2010 10:51",4.65,15808,"United Kingdom"
536833,35004,"SET OF 3 COLOURED  FLYING DUCKS",48,"12-01-2010 10:51",4.65,17858,"United Kingdom"
536836,22468,"BABUSHKA LIGHTS STRING OF 10",4,"12-01-2010 10:52",6.75,14161,"United Kingdom"
536838,22752,"SET 7 BABUSHKA NESTING BOXES",6,"12-01-2010 10:52",8.5,16411,"United Kingdom"
536839,48185,"DOORMAT FAIRY CAKE",2,"12-01-2010 10:52",7.95,16402,"United Kingdom"
536846,22114,"HOT WATER BOTTLE TEA AND SYMPATHY",4,"12-01-2010 10:52",3.95,14506,"United Kingdom"
536847,22835,"HOT WATER BOTTLE I AM SO POORLY",8,"12-01-2010 10:52",4.65,15555,"United Kingdom"
536848,22112,"CHOCOLATE HOT WATER BOTTLE",9,"12-01-2010 10:52",4.95,13034,"United Kingdom"
536849,21479,"WHITE SKULL HOT WATER BOTTLE ",4,"12-01-2010 10:52",3.75,15889,"United Kingdom"
536850,22111,"SCOTTIE DOG HOT WATER BOTTLE",9,"12-01-2010 10:52",4.95,15953,"United Kingdom"
536865,22473,"TV DINNER TRAY VINTAGE PAISLEY",1,"12-01-2010 11:21",4.95,12586,"United Kingdom"
536866,84509,"SET OF 4 ENGLISH ROSE PLACEMATS",2,"12-01-2010 11:21",3.75,17428,"United Kingdom"
536876,22767,"TRIPLE PHOTO FRAME CORNICE ",2,"12-01-2010 11:21",9.95,16858,"United Kingdom"
536883,22768,"FAMILY PHOTO FRAME CORNICE",1,"12-01-2010 11:21",9.95,18219,"United Kingdom"
536884,21463,"MIRRORED DISCO BALL ",1,"12-01-2010 11:21",5.95,14293,"United Kingdom"
536885,21464,"DISCO BALL ROTATOR BATTERY OPERATED",1,"12-01-2010 11:21",4.25,14748,"United Kingdom"
536890,20820,"SILVER LOOKING MIRROR",3,"12-01-2010 11:21",4.95,16638,"United Kingdom"
536942,48129,"DOORMAT TOPIARY",1,"12-01-2010 11:21",7.95,15899,"United Kingdom"
536976,84709,"PINK OVAL JEWELLED MIRROR",1,"12-01-2010 11:21",5.95,14825,"United Kingdom"
536983,82483,"WOOD 2 DRAWER CABINET WHITE FINISH",1,"12-01-2010 11:21",5.95,15028,"United Kingdom"
536984,20749,"ASSORTED COLOUR MINI CASES",1,"12-01-2010 11:21",7.95,16919,"United Kingdom"
536993,22848,"BREAD BIN DINER STYLE PINK",1,"12-01-2010 11:21",16.95,15984,"United Kingdom"
536995,47570,"TEA TIME TABLE CLOTH",1,"12-01-2010 11:21",10.65,16658,"United Kingdom"
536996,84030,"ENGLISH ROSE HOT WATER BOTTLE",1,"12-01-2010 11:21",4.25,17068,"United Kingdom"
536997,22428,"ENAMEL FIRE BUCKET CREAM",2,"12-01-2010 11:21",6.95,15356,"United Kingdom"
536998,22502,"PICNIC BASKET WICKER SMALL",2,"12-01-2010 11:21",5.95,17223,"United Kingdom"
537001,22837,"HOT WATER BOTTLE BABUSHKA ",36,"12-01-2010 11:22",4.25,17191,"United Kingdom"
537036,20679,"EDWARDIAN PARASOL RED",6,"12-01-2010 11:33",4.95,14176,"United Kingdom"
537041,82483,"WOOD 2 DRAWER CABINET WHITE FINISH",4,"12-01-2010 11:33",4.95,14282,"United Kingdom"
537042,82486,"WOOD S/3 CABINET ANT WHITE FINISH",4,"12-01-2010 11:33",6.95,13569,"United Kingdom"
537047,22752,"SET 7 BABUSHKA NESTING BOXES",2,"12-01-2010 11:33",7.65,15965,"United Kingdom"
537048,22803,"IVORY EMBROIDERED QUILT ",2,"12-01-2010 11:33",35.75,15024,"United Kingdom"
537049,21730,"GLASS STAR FROSTED T-LIGHT HOLDER",6,"12-01-2010 11:33",4.25,17675,"United Kingdom"
537067,22114,"HOT WATER BOTTLE TEA AND SYMPATHY",4,"12-01-2010 11:41",3.95,16293,"United Kingdom"
537077,84029,"RED WOOLLY HOTTIE WHITE HEART.",4,"12-01-2010 11:41",3.75,17419,"United Kingdom"
537081,21479,"WHITE SKULL HOT WATER BOTTLE ",4,"12-01-2010 11:41",3.75,16775,"United Kingdom"
537130,20685,"DOORMAT RED RETROSPOT",2,"12-01-2010 11:41",7.95,16365,"United Kingdom"
537131,48194,"DOORMAT HEARTS",2,"12-01-2010 11:41",7.95,17870,"United Kingdom"
537135,21754,"HOME BUILDING BLOCK WORD",3,"12-01-2010 11:41",5.95,13267,"United Kingdom"
537136,21755,"LOVE BUILDING BLOCK WORD",3,"12-01-2010 11:41",5.95,13050,"United Kingdom"
537141,22371,"AIRLINE BAG VINTAGE TOKYO 78",4,"12-01-2010 11:41",4.25,16779,"United Kingdom"
537142,85014,"RED RETROSPOT UMBRELLA",3,"12-01-2010 11:41",5.95,13599,"United Kingdom"
537143,85014,"BLACK/BLUE POLKADOT UMBRELLA",3,"12-01-2010 11:41",5.95,13329,"United Kingdom"
537144,84997,"RED 3 PIECE RETROSPOT CUTLERY SET",6,"12-01-2010 11:41",3.75,18077,"United Kingdom"
537155,22914,"BLUE COAT RACK PARIS FASHION",3,"12-01-2010 11:41",4.95,15750,"United Kingdom"
537193,22619,"SET OF 6 SOLDIER SKITTLES",4,"12-01-2010 11:41",3.75,17975,"United Kingdom"
537195,90199,"5 STRAND GLASS NECKLACE CRYSTAL",3,"12-01-2010 11:45",6.35,13126,"United Kingdom"
537196,21479,"WHITE SKULL HOT WATER BOTTLE ",1,"12-01-2010 11:45",3.75,15973,"United Kingdom"
537197,22111,"SCOTTIE DOG HOT WATER BOTTLE",1,"12-01-2010 11:45",4.95,16558,"United Kingdom"
537198,22785,"SQUARECUSHION COVER PINK UNION FLAG",1,"12-01-2010 11:45",6.75,16713,"United Kingdom"
537202,22568,"FELTCRAFT CUSHION OWL",1,"12-01-2010 11:45",3.75,18043,"United Kingdom"
537210,90199,"5 STRAND GLASS NECKLACE CRYSTAL",1,"12-01-2010 11:45",6.35,16385,"United Kingdom"
537211,21955,"DOORMAT UNION JACK GUNS AND ROSES",1,"12-01-2010 11:45",7.95,15032,"United Kingdom"
537212,72802,"VANILLA SCENT CANDLE JEWELLED BOX",1,"12-01-2010 11:45",4.25,17213,"United Kingdom"
537213,22109,"FULL ENGLISH BREAKFAST PLATE",1,"12-01-2010 11:45",3.75,18061,"United Kingdom"
537217,22183,"CAKE STAND VICTORIAN FILIGREE MED",1,"12-01-2010 11:45",6.75,14217,"United Kingdom"
537226,84906,"PINK B'FLY C/COVER W BOBBLES",1,"12-01-2010 11:45",5.95,18193,"United Kingdom"
537231,21065,"BOOM BOX SPEAKER GIRLS",1,"12-01-2010 11:45",5.95,15680,"United Kingdom"
537236,21116,"OWL DOORSTOP",1,"12-01-2010 11:45",4.95,14866,"United Kingdom"
537237,90199,"5 STRAND GLASS NECKLACE CRYSTAL",2,"12-01-2010 11:45",6.35,13077,"United Kingdom"
537251,22111,"SCOTTIE DOG HOT WATER BOTTLE",1,"12-01-2010 11:45",4.95,16700,"United Kingdom"
537252,22112,"CHOCOLATE HOT WATER BOTTLE",1,"12-01-2010 11:45",4.95,16011,"United Kingdom"
537334,22940,"FELTCRAFT CHRISTMAS FAIRY",3,"12-01-2010 11:49",4.25,13854,"United Kingdom"
537362,22837,"HOT WATER BOTTLE BABUSHKA ",3,"12-01-2010 11:49",4.65,14355,"United Kingdom"
537363,22749,"FELTCRAFT PRINCESS CHARLOTTE DOLL",2,"12-01-2010 11:49",3.75,17526,"United Kingdom"
537364,22940,"FELTCRAFT CHRISTMAS FAIRY",1,"12-01-2010 11:49",4.25,14896,"United Kingdom"
537365,22749,"FELTCRAFT PRINCESS CHARLOTTE DOLL",1,"12-01-2010 11:49",3.75,14440,"United Kingdom"
537385,22749,"FELTCRAFT PRINCESS CHARLOTTE DOLL",1,"12-01-2010 11:49",3.75,16255,"United Kingdom"
537386,22751,"FELTCRAFT PRINCESS OLIVIA DOLL",2,"12-01-2010 11:49",3.75,17671,"United Kingdom"
537389,22568,"FELTCRAFT CUSHION OWL",3,"12-01-2010 11:49",3.75,16350,"United Kingdom"
537392,22570,"FELTCRAFT CUSHION RABBIT",3,"12-01-2010 11:49",3.75,18230,"United Kingdom"
537393,22569,"FELTCRAFT CUSHION BUTTERFLY",2,"12-01-2010 11:49",3.75,16499,"United Kingdom"
537396,22569,"FELTCRAFT CUSHION BUTTERFLY",2,"12-01-2010 11:49",3.75,14441,"United Kingdom"
537398,22968,"ROSE COTTAGE KEEPSAKE BOX ",4,"12-01-2010 11:49",9.95,16579,"United Kingdom"
537402,21710,"FOLDING UMBRELLA PINKWHITE POLKADOT",1,"12-01-2010 11:49",4.95,12826,"United Kingdom"
537403,21708,"FOLDING UMBRELLA CREAM POLKADOT",1,"12-01-2010 11:49",4.95,17456,"United Kingdom"
537404,21711,"FOLDING UMBRELLA WHITE/RED POLKADOT",1,"12-01-2010 11:49",4.95,17307,"United Kingdom"
537405,22179,"SET 10 LIGHTS NIGHT OWL",2,"12-01-2010 11:49",6.75,15811,"United Kingdom"
537408,21706,"FOLDING UMBRELLA RED/WHITE POLKADOT",1,"12-01-2010 11:49",4.95,13136,"United Kingdom"
537409,22468,"BABUSHKA LIGHTS STRING OF 10",2,"12-01-2010 11:49",6.75,15535,"United Kingdom"
537412,21708,"FOLDING UMBRELLA CREAM POLKADOT",1,"12-01-2010 11:49",4.95,15211,"United Kingdom"
537414,21706,"FOLDING UMBRELLA RED/WHITE POLKADOT",1,"12-01-2010 11:49",4.95,16163,"United Kingdom"
537417,20750,"RED RETROSPOT MINI CASES",1,"12-01-2010 11:49",7.95,14713,"United Kingdom"
537429,22580,"ADVENT CALENDAR GINGHAM SACK",1,"12-01-2010 11:57",5.95,17790,"United Kingdom"
537445,22750,"FELTCRAFT PRINCESS LOLA DOLL",2,"12-01-2010 11:57",3.75,13148,"United Kingdom"
537450,22942,"CHRISTMAS LIGHTS 10 SANTAS ",3,"12-01-2010 11:57",8.5,16727,"United Kingdom"
537451,22941,"CHRISTMAS LIGHTS 10 REINDEER",3,"12-01-2010 11:57",8.5,15514,"United Kingdom"
537453,22940,"FELTCRAFT CHRISTMAS FAIRY",2,"12-01-2010 11:57",4.25,17865,"United Kingdom"
537466,22472,"TV DINNER TRAY DOLLY GIRL",2,"12-01-2010 11:57",4.95,15224,"United Kingdom"
537489,22837,"HOT WATER BOTTLE BABUSHKA ",3,"12-01-2010 11:57",4.65,17085,"United Kingdom"
537523,22749,"FELTCRAFT PRINCESS CHARLOTTE DOLL",2,"12-01-2010 11:57",3.75,14684,"United Kingdom"
537572,22768,"FAMILY PHOTO FRAME CORNICE",4,"12-01-2010 11:58",9.95,18004,"United Kingdom"
537592,22767,"TRIPLE PHOTO FRAME CORNICE ",4,"12-01-2010 11:58",9.95,13959,"United Kingdom"
537603,22113,"GREY HEART HOT WATER BOTTLE",4,"12-01-2010 12:03",3.75,13198,"United Kingdom"
537604,22111,"SCOTTIE DOG HOT WATER BOTTLE",3,"12-01-2010 12:03",4.95,12540,"United Kingdom"
537607,22357,"KINGS CHOICE BISCUIT TIN",4,"12-01-2010 12:03",4.25,15689,"United Kingdom"
537611,22619,"SET OF 6 SOLDIER SKITTLES",4,"12-01-2010 12:08",3.75,13999,"United Kingdom"
537615,22837,"HOT WATER BOTTLE BABUSHKA ",8,"12-01-2010 12:08",4.65,16701,"United Kingdom"
537616,21479,"WHITE SKULL HOT WATER BOTTLE ",8,"12-01-2010 12:08",3.75,16927,"United Kingdom"
537617,21485,"RETROSPOT HEART HOT WATER BOTTLE",8,"12-01-2010 12:08",4.95,17990,"United Kingdom"
537618,84029,"RED WOOLLY HOTTIE WHITE HEART.",8,"12-01-2010 12:08",3.75,14544,"United Kingdom"
537619,22111,"SCOTTIE DOG HOT WATER BOTTLE",16,"12-01-2010 12:08",4.95,17338,"United Kingdom"
537620,22113,"GREY HEART HOT WATER BOTTLE",8,"12-01-2010 12:08",3.75,17231,"United Kingdom"
537621,22837,"HOT WATER BOTTLE BABUSHKA ",8,"12-01-2010 12:08",4.65,17799,"United Kingdom"
537623,79321,"CHILLI LIGHTS",8,"12-01-2010 12:08",4.95,16726,"United Kingdom"
537631,22508,"DOORSTOP RETROSPOT HEART",8,"12-01-2010 12:08",3.75,17293,"United Kingdom"
537633,21411,"GINGHAM HEART  DOORSTOP RED",3,"12-01-2010 12:08",4.25,17890,"United Kingdom"
537634,22511,"RETROSPOT BABUSHKA DOORSTOP",4,"12-01-2010 12:08",3.75,17375,"United Kingdom"
537637,22768,"FAMILY PHOTO FRAME CORNICE",2,"12-01-2010 12:08",9.95,15159,"United Kingdom"
537638,22829,"SWEETHEART WIRE WALL TIDY",2,"12-01-2010 12:08",9.95,13211,"United Kingdom"
537672,22619,"SET OF 6 SOLDIER SKITTLES",8,"12-01-2010 12:15",3.75,18044,"United Kingdom"
537680,22618,"COOKING SET RETROSPOT",2,"12-01-2010 12:15",9.95,16531,"United Kingdom"
537691,22927,"GREEN GIANT GARDEN THERMOMETER",2,"12-01-2010 12:22",5.95,13846,"United Kingdom"
537692,22926,"IVORY GIANT GARDEN THERMOMETER",4,"12-01-2010 12:22",5.95,14401,"United Kingdom"
537693,22925,"BLUE GIANT GARDEN THERMOMETER",2,"12-01-2010 12:22",5.95,16145,"United Kingdom"
537698,21485,"RETROSPOT HEART HOT WATER BOTTLE",6,"12-01-2010 12:22",4.95,14150,"United Kingdom"
537707,21259,"VICTORIAN SEWING BOX SMALL ",2,"12-01-2010 12:22",5.95,13611,"United Kingdom"
537738,21257,"VICTORIAN SEWING BOX MEDIUM",2,"12-01-2010 12:22",7.95,16954,"United Kingdom"
537751,90200,"BLACK SWEETHEART BRACELET",2,"12-01-2010 12:23",4.25,17230,"United Kingdom"
537755,90185,"BLACK DIAMANTE EXPANDABLE RING",2,"12-01-2010 12:23",4.25,15950,"United Kingdom"
537758,90200,"BLUE SWEETHEART BRACELET",1,"12-01-2010 12:23",4.25,13458,"United Kingdom"
537759,90200,"PINK SWEETHEART BRACELET",3,"12-01-2010 12:23",4.25,14426,"United Kingdom"
537760,90200,"PURPLE SWEETHEART BRACELET",1,"12-01-2010 12:23",4.25,16003,"United Kingdom"
537788,22619,"SET OF 6 SOLDIER SKITTLES",1,"12-01-2010 12:23",3.75,15062,"United Kingdom"
537830,22500,"SET OF 2 TINS JARDIN DE PROVENCE",2,"12-01-2010 12:23",4.95,17288,"United Kingdom"
537837,48173,"DOORMAT BLACK FLOCK ",1,"12-01-2010 12:23",7.95,16560,"United Kingdom"
537839,22960,"JAM MAKING SET WITH JARS",1,"12-01-2010 12:23",4.25,17580,"United Kingdom"
537849,22960,"JAM MAKING SET WITH JARS",6,"12-01-2010 12:23",4.25,16816,"United Kingdom"
537858,22619,"SET OF 6 SOLDIER SKITTLES",4,"12-01-2010 12:27",3.75,18260,"United Kingdom"
537864,22423,"REGENCY CAKESTAND 3 TIER",16,"12-01-2010 12:27",10.95,14560,"United Kingdom"
537867,21621,"VINTAGE UNION JACK BUNTING",1,"12-01-2010 12:31",8.5,12551,"United Kingdom"
537868,22960,"JAM MAKING SET WITH JARS",8,"12-01-2010 12:31",4.25,12782,"United Kingdom"
537871,47563,"RETRO LONGBOARD IRONING BOARD COVER",1,"12-01-2010 12:31",3.75,15780,"United Kingdom"
537883,21370,"MIRRORED WALL ART FOXY",2,"12-01-2010 12:31",6.35,13869,"United Kingdom"
537885,22376,"AIRLINE BAG VINTAGE JET SET WHITE",1,"12-01-2010 12:31",4.25,12705,"United Kingdom"
537887,21895,"POTTING SHED SOW 'N' GROW SET",1,"12-01-2010 12:31",4.25,17913,"United Kingdom"
537888,22468,"BABUSHKA LIGHTS STRING OF 10",1,"12-01-2010 12:31",6.75,12668,"United Kingdom"
537890,22372,"AIRLINE BAG VINTAGE WORLD CHAMPION ",1,"12-01-2010 12:31",4.25,17358,"United Kingdom"
537896,22940,"FELTCRAFT CHRISTMAS FAIRY",1,"12-01-2010 12:31",4.25,12377,"United Kingdom"
537915,21622,"VINTAGE UNION JACK CUSHION COVER",10,"12-01-2010 12:35",4.95,13104,"United Kingdom"
537999,22113,"GREY HEART HOT WATER BOTTLE",3,"12-01-2010 12:35",3.75,18097,"United Kingdom"
538000,84029,"RED WOOLLY HOTTIE WHITE HEART.",2,"12-01-2010 12:35",3.75,15460,"United Kingdom"
538001,21488,"RED WHITE SCARF  HOT WATER BOTTLE",2,"12-01-2010 12:35",3.95,15034,"United Kingdom"
538005,21755,"LOVE BUILDING BLOCK WORD",6,"12-01-2010 12:35",5.95,17306,"United Kingdom"
538006,21754,"HOME BUILDING BLOCK WORD",6,"12-01-2010 12:35",5.95,14737,"United Kingdom"
538008,22784,"LANTERN CREAM GAZEBO ",3,"12-01-2010 12:36",4.95,16270,"United Kingdom"
538011,22423,"REGENCY CAKESTAND 3 TIER",2,"12-01-2010 12:36",12.75,17400,"United Kingdom"
538012,22960,"JAM MAKING SET WITH JARS",-6,"12-01-2010 12:38",4.25,17593,"United Kingdom"
538032,22485,"SET OF 2 WOODEN MARKET CRATES",4,"12-01-2010 12:40",12.75,14944,"United Kingdom"
538038,21794,"CLASSIC FRENCH STYLE BASKET NATURAL",1,"12-01-2010 12:43",6.75,15562,"United Kingdom"
538041,22926,"IVORY GIANT GARDEN THERMOMETER",1,"12-01-2010 12:43",5.95,13817,"United Kingdom"
538049,22760,"TRAY, BREAKFAST IN BED",1,"12-01-2010 12:43",12.75,14462,"United Kingdom"
538050,22107,"PIZZA PLATE IN BOX",2,"12-01-2010 12:43",3.75,13397,"United Kingdom"
538052,21486,"PINK HEART DOTS HOT WATER BOTTLE",1,"12-01-2010 12:43",3.75,12483,"United Kingdom"
538074,21804,"WHITE CHRISTMAS GARLAND STARS TREES",3,"12-01-2010 12:43",3.75,18226,"United Kingdom"
538108,22501,"PICNIC BASKET WICKER LARGE",1,"12-01-2010 12:43",9.95,18179,"United Kingdom"
538109,22854,"CREAM SWEETHEART EGG HOLDER",1,"12-01-2010 12:48",4.95,17284,"United Kingdom"
538110,84997,"PINK 3 PIECE POLKADOT CUTLERY SET",1,"12-01-2010 12:49",3.75,13233,"United Kingdom"
538113,22749,"FELTCRAFT PRINCESS CHARLOTTE DOLL",1,"12-01-2010 12:49",3.75,14672,"United Kingdom"
538115,22569,"FELTCRAFT CUSHION BUTTERFLY",1,"12-01-2010 12:49",3.75,13162,"United Kingdom"
538117,21664,"RIDGED GLASS STORAGE JAR CREAM LID",2,"12-01-2010 12:49",3.75,17095,"United Kingdom"
538118,84969,"BOX OF 6 ASSORTED COLOUR TEASPOONS",1,"12-01-2010 12:49",4.25,12939,"United Kingdom"
538123,22776,"SWEETHEART CAKESTAND 3 TIER",1,"12-01-2010 12:49",9.95,17128,"United Kingdom"
538133,85035,"CHOCOLATE 3 WICK MORRIS BOX CANDLE",1,"12-01-2010 12:49",4.25,13565,"United Kingdom"
538134,84968,"SET OF 16 VINTAGE PISTACHIO CUTLERY",1,"12-01-2010 12:49",12.75,15799,"United Kingdom"
538138,22941,"CHRISTMAS LIGHTS 10 REINDEER",1,"12-01-2010 12:49",8.5,12539,"United Kingdom"
538143,22749,"FELTCRAFT PRINCESS CHARLOTTE DOLL",2,"12-01-2010 12:49",3.75,17811,"United Kingdom"
538145,84997,"BLUE 3 PIECE POLKADOT CUTLERY SET",1,"12-01-2010 12:49",3.75,14321,"United Kingdom"
538149,85014,"BLACK/BLUE POLKADOT UMBRELLA",1,"12-01-2010 12:49",5.95,13672,"United Kingdom"
538154,84563,"PINK & WHITE BREAKFAST TRAY",1,"12-01-2010 12:49",5.95,16497,"United Kingdom"
538155,22107,"PIZZA PLATE IN BOX",2,"12-01-2010 12:49",3.75,16303,"United Kingdom"
538159,21742,"LARGE ROUND WICKER PLATTER ",1,"12-01-2010 12:49",5.95,14320,"United Kingdom"
538161,21664,"RIDGED GLASS STORAGE JAR CREAM LID",1,"12-01-2010 12:49",3.75,17742,"United Kingdom"
538167,22943,"CHRISTMAS LIGHTS 10 VINTAGE BAUBLES",6,"12-01-2010 12:50",4.95,12643,"United Kingdom"
538168,22468,"BABUSHKA LIGHTS STRING OF 10",2,"12-01-2010 12:50",6.75,14295,"United Kingdom"
538170,21485,"RETROSPOT HEART HOT WATER BOTTLE",3,"12-01-2010 12:50",4.95,17365,"United Kingdom"
538171,21259,"VICTORIAN SEWING BOX SMALL ",2,"12-01-2010 12:50",5.95,15189,"United Kingdom"
538178,22111,"SCOTTIE DOG HOT WATER BOTTLE",3,"12-01-2010 12:50",4.95,15569,"United Kingdom"
538190,22423,"REGENCY CAKESTAND 3 TIER",2,"12-01-2010 12:54",12.75,16655,"United Kingdom"
538191,22429,"ENAMEL MEASURING JUG CREAM",1,"12-01-2010 12:54",4.25,16359,"United Kingdom"
538192,22428,"ENAMEL FIRE BUCKET CREAM",1,"12-01-2010 12:54",6.95,16554,"United Kingdom"
538197,20750,"RED RETROSPOT MINI CASES",10,"12-01-2010 12:54",7.95,14185,"United Kingdom"
538200,22626,"BLACK KITCHEN SCALES",2,"12-01-2010 12:58",8.5,12652,"United Kingdom"
538201,22625,"RED KITCHEN SCALES",6,"12-01-2010 12:58",8.5,14514,"United Kingdom"
538202,22624,"IVORY KITCHEN SCALES",6,"12-01-2010 12:58",8.5,15171,"United Kingdom"
538206,22113,"GREY HEART HOT WATER BOTTLE",8,"12-01-2010 12:58",3.75,13284,"United Kingdom"
538248,22837,"HOT WATER BOTTLE BABUSHKA ",4,"12-01-2010 13:04",4.65,16395,Germany
538306,22839,"3 TIER CAKE TIN GREEN AND CREAM",1,"12-01-2010 13:17",14.95,18106,"United Kingdom"
538350,22960,"JAM MAKING SET WITH JARS",1,"12-01-2010 13:17",4.25,12388,"United Kingdom"
538354,22423,"REGENCY CAKESTAND 3 TIER",1,"12-01-2010 13:17",12.75,12673,"United Kingdom"
538373,22568,"FELTCRAFT CUSHION OWL",3,"12-01-2010 13:17",3.75,13898,"United Kingdom"
538374,22570,"FELTCRAFT CUSHION RABBIT",1,"12-01-2010 13:17",3.75,16948,"United Kingdom"
538375,22607,"WOODEN ROUNDERS GARDEN SET ",1,"12-01-2010 13:17",9.95,16997,"United Kingdom"
538376,22635,"CHILDS BREAKFAST SET DOLLY GIRL ",1,"12-01-2010 13:17",9.95,12527,"United Kingdom"
538377,22634,"CHILDS BREAKFAST SET SPACEBOY ",1,"12-01-2010 13:17",9.95,15395,"United Kingdom"
538378,22839,"3 TIER CAKE TIN GREEN AND CREAM",1,"12-01-2010 13:17",14.95,12510,"United Kingdom"
538379,22968,"ROSE COTTAGE KEEPSAKE BOX ",3,"12-01-2010 13:17",9.95,13693,"United Kingdom"
538382,22222,"CAKE PLATE LOVEBIRD WHITE",3,"12-01-2010 13:20",4.95,13263,"United Kingdom"
538397,22947,"WOODEN ADVENT CALENDAR RED",2,"12-01-2010 13:20",16.95,14428,"United Kingdom"
538409,22187,"GREEN CHRISTMAS TREE CARD HOLDER",4,"12-01-2010 13:20",4.25,12422,"United Kingdom"
538419,21258,"VICTORIAN SEWING BOX LARGE",1,"12-01-2010 13:20",12.75,15606,"United Kingdom"
538420,22627,"MINT KITCHEN SCALES",2,"12-01-2010 13:20",8.5,15831,"United Kingdom"
538421,22487,"WHITE WOOD GARDEN PLANT LADDER",2,"12-01-2010 13:20",9.95,13310,"United Kingdom"
538453,21657,"MILK BOTTLE WITH GLASS STOPPER ",1,"12-01-2010 13:21",6.95,14572,"United Kingdom"
538473,22941,"CHRISTMAS LIGHTS 10 REINDEER",1,"12-01-2010 13:21",8.5,15938,"United Kingdom"
538488,22120,"WELCOME  WOODEN BLOCK LETTERS",1,"12-01-2010 13:21",9.95,12637,"United Kingdom"
538497,22423,"REGENCY CAKESTAND 3 TIER",1,"12-01-2010 13:21",12.75,17418,"United Kingdom"
538500,21625,"VINTAGE UNION JACK APRON",1,"12-01-2010 13:21",6.95,16321,"United Kingdom"
538501,22783,"SET 3 WICKER OVAL BASKETS W LIDS",1,"12-01-2010 13:21",19.95,15262,"United Kingdom"
538510,21662,"VINTAGE GLASS COFFEE CADDY",1,"12-01-2010 13:21",5.95,14770,"United Kingdom"
538513,21658,"GLASS  BEURRE DISH",1,"12-01-2010 13:21",3.95,14895,"United Kingdom"
538514,21664,"RIDGED GLASS STORAGE JAR CREAM LID",2,"12-01-2010 13:21",3.75,12594,"United Kingdom"
538515,22943,"CHRISTMAS LIGHTS 10 VINTAGE BAUBLES",2,"12-01-2010 13:21",4.95,17504,"United Kingdom"
538522,15056,"EDWARDIAN PARASOL NATURAL",12,"12-01-2010 13:23",5.95,14692,"United Kingdom"
538523,15056,"EDWARDIAN PARASOL BLACK",12,"12-01-2010 13:23",5.95,12970,"United Kingdom"
538524,20679,"EDWARDIAN PARASOL RED",12,"12-01-2010 13:23",5.95,17889,"United Kingdom"
538529,22727,"ALARM CLOCK BAKELIKE RED ",9,"12-01-2010 13:23",3.75,14450,"United Kingdom"
538530,22726,"ALARM CLOCK BAKELIKE GREEN",9,"12-01-2010 13:23",3.75,16085,"United Kingdom"
538531,22730,"ALARM CLOCK BAKELIKE IVORY",9,"12-01-2010 13:23",3.75,13659,"United Kingdom"
538534,22194,"BLACK DINER WALL CLOCK",2,"12-01-2010 13:23",8.5,14224,"United Kingdom"
538535,22192,"BLUE DINER WALL CLOCK",4,"12-01-2010 13:23",8.5,13742,"United Kingdom"
538536,22193,"RED DINER WALL CLOCK",4,"12-01-2010 13:23",8.5,17673,"United Kingdom"
538537,22191,"IVORY DINER WALL CLOCK",4,"12-01-2010 13:23",8.5,12727,"United Kingdom"
538541,22688,"DOORMAT PEACE ON EARTH BLUE",4,"12-01-2010 13:23",7.95,14068,"United Kingdom"
538557,22768,"FAMILY PHOTO FRAME CORNICE",6,"12-01-2010 13:23",9.95,13068,"United Kingdom"
538639,22114,"HOT WATER BOTTLE TEA AND SYMPATHY",8,"12-01-2010 13:24",3.95,14257,Norway
538691,20685,"DOORMAT RED RETROSPOT",2,"12-01-2010 13:24",7.95,15227,Norway
538692,22842,"BISCUIT TIN VINTAGE RED",6,"12-01-2010 13:24",6.75,12997,Norway
538697,22825,"DECORATIVE PLANT POT WITH FRIEZE",2,"12-01-2010 13:31",7.95,16496,"United Kingdom"
538699,22797,"CHEST OF DRAWERS GINGHAM HEART ",3,"12-01-2010 13:31",16.95,17311,"United Kingdom"
538700,21843,"RED RETROSPOT CAKE STAND",1,"12-01-2010 13:31",10.95,15910,"United Kingdom"
538705,22112,"CHOCOLATE HOT WATER BOTTLE",3,"12-01-2010 13:33",4.95,12468,"United Kingdom"
538706,22943,"CHRISTMAS LIGHTS 10 VINTAGE BAUBLES",3,"12-01-2010 13:38",4.95,16767,"United Kingdom"
538707,22118,"JOY WOODEN BLOCK LETTERS",3,"12-01-2010 13:38",4.95,14738,"United Kingdom"
538708,22121,"NOEL WOODEN BLOCK LETTERS ",3,"12-01-2010 13:38",5.95,17540,"United Kingdom"
538709,22119,"PEACE WOODEN BLOCK LETTERS",3,"12-01-2010 13:38",6.95,14239,"United Kingdom"
538710,21485,"RETROSPOT HEART HOT WATER BOTTLE",3,"12-01-2010 13:38",4.95,18125,"United Kingdom"
538712,21523,"DOORMAT FANCY FONT HOME SWEET HOME",2,"12-01-2010 13:38",7.95,15549,"United Kingdom"
538713,48194,"DOORMAT HEARTS",2,"12-01-2010 13:38",7.95,15864,"United Kingdom"
538714,20685,"DOORMAT RED RETROSPOT",2,"12-01-2010 13:38",7.95,14662,"United Kingdom"
538718,21485,"RETROSPOT HEART HOT WATER BOTTLE",3,"12-01-2010 13:45",4.95,13330,"United Kingdom"
538726,22183,"CAKE STAND VICTORIAN FILIGREE MED",6,"12-01-2010 13:51",6.75,13141,"United Kingdom"
538734,22423,"REGENCY CAKESTAND 3 TIER",2,"12-01-2010 13:51",12.75,15365,"United Kingdom"
538744,22800,"ANTIQUE TALL SWIRLGLASS TRINKET POT",8,"12-01-2010 13:51",3.75,13709,"United Kingdom"
538745,22801,"ANTIQUE GLASS PEDESTAL BOWL",8,"12-01-2010 13:51",3.75,17329,"United Kingdom"
538749,22781,"GUMBALL MAGAZINE RACK",2,"12-01-2010 13:51",7.65,14805,"United Kingdom"
538753,21466,"RED FLOWER CROCHET FOOD COVER",1,"12-01-2010 13:54",3.75,16897,"United Kingdom"
538755,21467,"CHERRY CROCHET FOOD COVER",1,"12-01-2010 13:54",3.75,15579,"United Kingdom"
538763,21471,"STRAWBERRY RAFFIA FOOD COVER",1,"12-01-2010 13:54",3.75,14595,"United Kingdom"
538768,21469,"POLKA DOT RAFFIA FOOD COVER",1,"12-01-2010 13:54",3.75,13161,"United Kingdom"
538771,21523,"DOORMAT FANCY FONT HOME SWEET HOME",1,"12-01-2010 13:54",7.95,15415,"United Kingdom"
538778,48129,"DOORMAT TOPIARY",1,"12-01-2010 13:54",7.95,17431,"United Kingdom"
538783,21524,"DOORMAT SPOTTY HOME SWEET HOME",1,"12-01-2010 13:54",7.95,17463,"United Kingdom"
538798,21690,"SILVER  CANDLEPOT JARDIN ",4,"12-01-2010 13:54",3.75,18145,"United Kingdom"
538799,22752,"SET 7 BABUSHKA NESTING BOXES",2,"12-01-2010 13:54",8.5,14467,"United Kingdom"
538810,84944,"SET OF 6 KASHMIR FOLKART BAUBLES",2,"12-01-2010 13:54",4.25,14006,"United Kingdom"
538828,37495,"FAIRY CAKE BIRTHDAY CANDLE SET",4,"12-01-2010 14:03",3.75,13939,"United Kingdom"
538830,22171,"3 HOOK PHOTO SHELF ANTIQUE WHITE",2,"12-01-2010 14:03",8.5,13606,"United Kingdom"
538831,82486,"WOOD S/3 CABINET ANT WHITE FINISH",2,"12-01-2010 14:03",7.95,13494,"United Kingdom"
538833,85067,"CREAM SWEETHEART WALL CABINET",1,"12-01-2010 14:03",18.95,16419,"United Kingdom"
538834,48184,"DOORMAT ENGLISH ROSE ",2,"12-01-2010 14:03",7.95,17035,"United Kingdom"
538836,48138,"DOORMAT UNION FLAG",2,"12-01-2010 14:03",7.95,15203,"United Kingdom"
538837,48129,"DOORMAT TOPIARY",2,"12-01-2010 14:03",7.95,16515,"United Kingdom"
538839,21625,"VINTAGE UNION JACK APRON",3,"12-01-2010 14:03",6.95,12373,"United Kingdom"
538843,22423,"REGENCY CAKESTAND 3 TIER",2,"12-01-2010 14:03",12.75,12775,"United Kingdom"
538847,85019,"ROMANTIC IMAGES NOTEBOOK SET",4,"12-01-2010 14:03",4.25,17376,"United Kingdom"
538848,85019,"CURIOUS  IMAGES NOTEBOOK SET",3,"12-01-2010 14:03",4.25,13110,"United Kingdom"
538849,20902,"VINTAGE KEEPSAKE BOX PARIS DAYS",2,"12-01-2010 14:03",6.35,16716,"United Kingdom"
538853,84030,"ENGLISH ROSE HOT WATER BOTTLE",4,"12-01-2010 14:03",4.25,14665,"United Kingdom"
538854,22114,"HOT WATER BOTTLE TEA AND SYMPATHY",4,"12-01-2010 14:03",3.95,14457,"United Kingdom"
538857,22968,"ROSE COTTAGE KEEPSAKE BOX ",4,"12-01-2010 14:05",9.95,17560,EIRE
538868,85135,"BLUE DRAGONFLY HELICOPTER",2,"12-01-2010 14:05",7.95,14188,EIRE
538869,85136,"YELLOW SHARK HELICOPTER",2,"12-01-2010 14:05",7.95,18017,EIRE
538870,85136,"RED SHARK HELICOPTER",2,"12-01-2010 14:05",7.95,15421,EIRE
538871,21055,"TOOL BOX SOFT TOY ",4,"12-01-2010 14:05",8.95,17446,EIRE
538872,21056,"DOCTOR'S BAG SOFT TOY",4,"12-01-2010 14:05",8.95,12414,EIRE
538875,22622,"BOX OF VINTAGE ALPHABET BLOCKS",6,"12-01-2010 14:05",9.95,12350,EIRE
538876,2,CARRIAGE,1,"12-01-2010 14:05",50,16992,EIRE
538910,21821,"GLITTER STAR GARLAND WITH BELLS ",1,"12-01-2010 14:32",7.62,12842,"United Kingdom"
538917,21822,"GLITTER CHRISTMAS TREE WITH BELLS",1,"12-01-2010 14:32",4.21,16109,"United Kingdom"
538942,21844,"RED RETROSPOT MUG",2,"12-01-2010 14:32",5.91,15090,"United Kingdom"
538943,21851,"LILAC DIAMANTE PEN IN GIFT BOX",1,"12-01-2010 14:32",4.21,15199,"United Kingdom"
538971,21888,"BINGO SET",1,"12-01-2010 14:32",7.62,14438,"United Kingdom"
538995,21912,"VINTAGE SNAKES & LADDERS",3,"12-01-2010 14:32",7.62,17302,"United Kingdom"
538996,21913,"VINTAGE SEASIDE JIGSAW PUZZLES",1,"12-01-2010 14:32",7.62,17613,"United Kingdom"
538999,21922,"UNION STRIPE WITH FRINGE  HAMMOCK",2,"12-01-2010 14:32",16.98,17162,"United Kingdom"
539000,21928,"JUMBO BAG SCANDINAVIAN PAISLEY",1,"12-01-2010 14:32",4.21,17774,"United Kingdom"
539030,22071,"SMALL WHITE RETROSPOT MUG IN BOX ",1,"12-01-2010 14:32",7.62,15970,"United Kingdom"
539037,22083,"PAPER CHAIN KIT RETROSPOT",4,"12-01-2010 14:32",5.91,17940,"United Kingdom"
539038,22086,"PAPER CHAIN KIT 50'S CHRISTMAS ",33,"12-01-2010 14:32",5.91,17686,"United Kingdom"
539039,22087,"PAPER BUNTING WHITE LACE",2,"12-01-2010 14:32",5.91,14431,"United Kingdom"
539040,22090,"PAPER BUNTING RETROSPOT",1,"12-01-2010 14:32",5.91,15809,"United Kingdom"
539043,22107,"PIZZA PLATE IN BOX",1,"12-01-2010 14:32",7.62,18093,"United Kingdom"
539044,22110,"BIRD HOUSE HOT WATER BOTTLE",2,"12-01-2010 14:32",7.62,16027,"United Kingdom"
539045,22111,"SCOTTIE DOG HOT WATER BOTTLE",2,"12-01-2010 14:32",11.02,12857,"United Kingdom"
539046,22112,"CHOCOLATE HOT WATER BOTTLE",2,"12-01-2010 14:32",11.02,16425,"United Kingdom"
539047,22114,"HOT WATER BOTTLE TEA AND SYMPATHY",3,"12-01-2010 14:32",8.47,16842,"United Kingdom"
539048,22115,"METAL SIGN EMPIRE TEA",2,"12-01-2010 14:32",5.91,15796,"United Kingdom"
539049,22130,"PARTY CONE CHRISTMAS DECORATION ",2,"12-01-2010 14:32",8.47,14555,"United Kingdom"
539052,22141,"CHRISTMAS CRAFT TREE TOP ANGEL",4,"12-01-2010 14:32",4.21,17705,"United Kingdom"
539053,22144,"CHRISTMAS CRAFT LITTLE FRIENDS",4,"12-01-2010 14:32",4.21,18087,"United Kingdom"
539054,22149,"FELTCRAFT 6 FLOWER FRIENDS",1,"12-01-2010 14:32",4.21,12897,"United Kingdom"
539065,22169,"FAMILY ALBUM WHITE PICTURE FRAME",1,"12-01-2010 14:32",16.98,12943,"United Kingdom"
539068,22182,"CAKE STAND VICTORIAN FILIGREE SMALL",1,"12-01-2010 14:32",4.21,18084,"United Kingdom"
539070,22189,"CREAM HEART CARD HOLDER",1,"12-01-2010 14:32",8.47,16434,"United Kingdom"
539077,22203,"MILK PAN RED RETROSPOT",1,"12-01-2010 14:32",7.62,17667,"United Kingdom"
539078,22207,"FRYING PAN UNION FLAG",1,"12-01-2010 14:32",8.47,12507,"United Kingdom"
539080,22224,"WHITE LOVEBIRD LANTERN",1,"12-01-2010 14:32",5.91,13381,"United Kingdom"
539082,22276,"WASH BAG VINTAGE ROSE PAISLEY",1,"12-01-2010 14:32",5.91,13475,"United Kingdom"
539087,22300,"COFFEE MUG DOG + BALL DESIGN",1,"12-01-2010 14:32",5.06,12993,"United Kingdom"
539088,22301,"COFFEE MUG CAT + BIRD DESIGN",2,"12-01-2010 14:32",5.06,17571,"United Kingdom"
539089,22309,"TEA COSY RED  STRIPE",1,"12-01-2010 14:32",5.06,16979,"United Kingdom"
539091,22314,"OFFICE MUG WARMER CHOC+BLUE",1,"12-01-2010 14:32",5.91,15122,"United Kingdom"
539092,22318,"FIVE HEART HANGING DECORATION",1,"12-01-2010 14:32",5.91,17612,"United Kingdom"
539099,22357,"KINGS CHOICE BISCUIT TIN",1,"12-01-2010 14:32",8.47,12616,"United Kingdom"
539100,22359,"GLASS JAR KINGS CHOICE",2,"12-01-2010 14:32",5.91,16317,"United Kingdom"
539101,22360,"GLASS JAR ENGLISH CONFECTIONERY",2,"12-01-2010 14:32",5.91,14935,"United Kingdom"
539102,22361,"GLASS JAR DAISY FRESH COTTON WOOL",2,"12-01-2010 14:32",5.91,16073,"United Kingdom"
539103,22367,"CHILDRENS APRON SPACEBOY DESIGN",1,"12-01-2010 14:32",4.21,14477,"United Kingdom"
539104,22371,"AIRLINE BAG VINTAGE TOKYO 78",1,"12-01-2010 14:32",8.47,14760,"United Kingdom"
539105,22375,"AIRLINE BAG VINTAGE JET SET BROWN",2,"12-01-2010 14:32",8.47,14897,"United Kingdom"
539106,22376,"AIRLINE BAG VINTAGE JET SET WHITE",1,"12-01-2010 14:32",8.47,15810,"United Kingdom"
539107,22378,"WALL TIDY RETROSPOT ",2,"12-01-2010 14:32",4.21,16509,"United Kingdom"
539108,22379,"RECYCLING BAG RETROSPOT ",2,"12-01-2010 14:32",4.21,14386,"United Kingdom"
539109,22380,"TOY TIDY SPACEBOY  ",1,"12-01-2010 14:32",4.21,12455,"United Kingdom"
539110,22383,"LUNCH BAG SUKI  DESIGN ",1,"12-01-2010 14:32",4.21,14530,"United Kingdom"
539111,22384,"LUNCH BAG PINK POLKADOT",2,"12-01-2010 14:32",4.21,15670,"United Kingdom"
539112,22394,"PAPERWEIGHT KINGS CHOICE ",1,"12-01-2010 14:32",5.06,12653,"United Kingdom"
539143,22423,"REGENCY CAKESTAND 3 TIER",40,"12-01-2010 14:32",12.72,12352,"United Kingdom"
539144,22430,"ENAMEL WATERING CAN CREAM",1,"12-01-2010 14:32",10.17,12372,"United Kingdom"
539160,22432,"WATERING CAN PINK BUNNY",1,"12-01-2010 14:32",4.21,16494,"United Kingdom"
539191,22451,"SILK PURSE BABUSHKA RED",2,"12-01-2010 14:32",6.77,17422,"United Kingdom"
539195,22457,"NATURAL SLATE HEART CHALKBOARD ",6,"12-01-2010 14:32",5.91,17175,"United Kingdom"
539201,22470,"HEART OF WICKER LARGE",1,"12-01-2010 14:32",5.91,12362,"United Kingdom"
539211,22471,"TV DINNER TRAY AIR HOSTESS ",1,"12-01-2010 14:32",11.02,13018,"United Kingdom"
539212,22476,"EMPIRE UNION JACK TV DINNER TRAY",1,"12-01-2010 14:32",11.02,13718,"United Kingdom"
539216,22487,"WHITE WOOD GARDEN PLANT LADDER",1,"12-01-2010 14:32",20.38,12654,"United Kingdom"
539219,22497,"SET OF 2 TINS VINTAGE BATHROOM ",2,"12-01-2010 14:32",8.47,15785,"United Kingdom"
539220,22515,"CHILDS GARDEN SPADE PINK",1,"12-01-2010 14:32",4.21,18138,"United Kingdom"
539221,22517,"CHILDS GARDEN RAKE PINK",1,"12-01-2010 14:32",4.21,14379,"United Kingdom"
539222,22519,"CHILDS GARDEN BRUSH PINK",1,"12-01-2010 14:32",4.21,14211,"United Kingdom"
539244,22550,"HOLIDAY FUN LUDO",2,"12-01-2010 14:32",7.62,12714,"United Kingdom"
539249,22569,"FELTCRAFT CUSHION BUTTERFLY",1,"12-01-2010 14:32",7.62,13951,"United Kingdom"
539253,22580,"ADVENT CALENDAR GINGHAM SACK",1,"12-01-2010 14:32",11.87,12891,"United Kingdom"
539254,22582,"PACK OF 6 SWEETIE GIFT BOXES",1,"12-01-2010 14:32",5.06,16466,"United Kingdom"
539255,22583,"PACK OF 6 HANDBAG GIFT BOXES",1,"12-01-2010 14:32",5.06,16115,"United Kingdom"
539256,22588,"CARD HOLDER GINGHAM HEART",3,"12-01-2010 14:32",5.06,14162,"United Kingdom"
539257,22589,"CARDHOLDER GINGHAM STAR",1,"12-01-2010 14:32",5.06,13301,"United Kingdom"
539262,22605,"WOODEN CROQUET GARDEN SET",1,"12-01-2010 14:32",25.49,12707,"United Kingdom"
539266,22625,"RED KITCHEN SCALES",2,"12-01-2010 14:32",16.98,18155,"United Kingdom"
539267,22629,"SPACEBOY LUNCH BOX ",1,"12-01-2010 14:32",4.21,15321,"United Kingdom"
539268,22632,"HAND WARMER RED RETROSPOT",1,"12-01-2010 14:32",4.21,13477,"United Kingdom"
539269,22635,"CHILDS BREAKFAST SET DOLLY GIRL ",1,"12-01-2010 14:32",20.38,15065,"United Kingdom"
539270,22639,"SET OF 4 NAPKIN CHARMS HEARTS",1,"12-01-2010 14:32",5.06,16980,"United Kingdom"
539275,22654,"DELUXE SEWING KIT ",1,"12-01-2010 14:32",11.87,16441,"United Kingdom"
539276,22662,"LUNCH BAG DOLLY GIRL DESIGN",2,"12-01-2010 14:32",4.21,16014,"United Kingdom"
539277,22664,"TOY TIDY DOLLY GIRL DESIGN",4,"12-01-2010 14:32",4.21,14520,"United Kingdom"
539278,22665,"RECIPE BOX BLUE SKETCHBOOK DESIGN",1,"12-01-2010 14:32",5.91,17994,"United Kingdom"
539279,22666,"RECIPE BOX PANTRY YELLOW DESIGN",2,"12-01-2010 14:32",5.91,13038,"United Kingdom"
539280,22669,"RED BABY BUNTING ",1,"12-01-2010 14:32",5.91,17002,"United Kingdom"
539282,22694,"WICKER STAR ",4,"12-01-2010 14:32",4.21,16349,"United Kingdom"
539284,22697,"GREEN REGENCY TEACUP AND SAUCER",6,"12-01-2010 14:32",5.91,18114,"United Kingdom"
539285,22699,"ROSES REGENCY TEACUP AND SAUCER ",2,"12-01-2010 14:32",5.91,15303,"United Kingdom"
539287,22727,"ALARM CLOCK BAKELIKE RED ",2,"12-01-2010 14:32",7.62,18188,"United Kingdom"
539288,22728,"ALARM CLOCK BAKELIKE PINK",1,"12-01-2010 14:32",7.62,16045,"United Kingdom"
539289,22729,"ALARM CLOCK BAKELIKE ORANGE",2,"12-01-2010 14:32",7.62,16573,"United Kingdom"
539290,22730,"ALARM CLOCK BAKELIKE IVORY",1,"12-01-2010 14:32",7.62,13421,"United Kingdom"
539291,22734,"SET OF 6 RIBBONS VINTAGE CHRISTMAS",3,"12-01-2010 14:32",5.06,18196,"United Kingdom"
539297,22744,"MAKE YOUR OWN MONSOON CARD KIT",1,"12-01-2010 14:32",5.91,15397,"United Kingdom"
539298,22745,"POPPY'S PLAYHOUSE BEDROOM ",1,"12-01-2010 14:32",4.21,14276,"United Kingdom"
539299,22748,"POPPY'S PLAYHOUSE KITCHEN",1,"12-01-2010 14:32",4.21,13453,"United Kingdom"
539304,22760,"TRAY, BREAKFAST IN BED",1,"12-01-2010 14:32",25.49,14289,"United Kingdom"
539305,22769,"CHALKBOARD KITCHEN ORGANISER",1,"12-01-2010 14:32",51.02,16208,"United Kingdom"
539308,22798,"ANTIQUE GLASS DRESSING TABLE POT",2,"12-01-2010 14:32",5.91,18068,"United Kingdom"
539309,22812,"PACK 3 BOXES CHRISTMAS PANNETONE",2,"12-01-2010 14:32",4.21,15932,"United Kingdom"
539310,22813,"PACK 3 BOXES BIRD PANNETONE ",1,"12-01-2010 14:32",4.21,16692,"United Kingdom"
539313,22822,"CREAM WALL PLANTER HEART SHAPED",1,"12-01-2010 14:32",12.72,14004,"United Kingdom"
539314,22835,"HOT WATER BOTTLE I AM SO POORLY",4,"12-01-2010 14:32",9.32,17139,"United Kingdom"
539315,22837,"HOT WATER BOTTLE BABUSHKA ",1,"12-01-2010 14:32",9.32,14513,"United Kingdom"
539316,22844,"VINTAGE CREAM DOG FOOD CONTAINER",1,"12-01-2010 14:32",16.98,13118,"United Kingdom"
539317,22847,"BREAD BIN DINER STYLE IVORY",1,"12-01-2010 14:32",34,15974,"United Kingdom"
539318,22862,"LOVE HEART NAPKIN BOX ",1,"12-01-2010 14:32",8.47,17830,"United Kingdom"
539319,22865,"HAND WARMER OWL DESIGN",1,"12-01-2010 14:32",4.21,12565,"United Kingdom"
539320,22866,"HAND WARMER SCOTTY DOG DESIGN",4,"12-01-2010 14:32",4.21,12582,"United Kingdom"
539321,22867,"HAND WARMER BIRD DESIGN",4,"12-01-2010 14:32",4.21,14231,"United Kingdom"
539322,22876,"NUMBER TILE COTTAGE GARDEN 8",1,"12-01-2010 14:32",4.21,17867,"United Kingdom"
539323,22899,"CHILDREN'S APRON DOLLY GIRL ",2,"12-01-2010 14:32",4.21,14880,"United Kingdom"
539324,22900," SET 2 TEA TOWELS I LOVE LONDON ",1,"12-01-2010 14:32",5.91,15121,"United Kingdom"
539327,22910,"PAPER CHAIN KIT VINTAGE CHRISTMAS",4,"12-01-2010 14:32",5.91,18056,"United Kingdom"
539334,22928,"YELLOW GIANT GARDEN THERMOMETER",1,"12-01-2010 14:32",11.87,13501,"United Kingdom"
539335,22940,"FELTCRAFT CHRISTMAS FAIRY",2,"12-01-2010 14:32",8.47,12633,"United Kingdom"
539336,22945,"CHRISTMAS METAL TAGS ASSORTED ",1,"12-01-2010 14:32",11.02,13345,"United Kingdom"
539337,22948,"METAL DECORATION NAUGHTY CHILDREN ",2,"12-01-2010 14:32",6.77,13870,"United Kingdom"
539374,22956,"36 FOIL HEART CAKE CASES",1,"12-01-2010 14:32",4.21,13362,"United Kingdom"
539379,22960,"JAM MAKING SET WITH JARS",7,"12-01-2010 14:32",8.47,14470,"United Kingdom"
539412,35599,"PINK AND WHITE CHRISTMAS TREE 120CM",1,"12-01-2010 14:32",5.91,14147,"United Kingdom"
539418,37370,"RETRO COFFEE MUGS ASSORTED",1,"12-01-2010 14:32",16.13,13636,"United Kingdom"
539419,37449,"CERAMIC CAKE STAND + HANGING CAKES",1,"12-01-2010 14:32",21.23,13610,"United Kingdom"
539420,37476,"CONDIMENT TRAY 4 BOWLS AND 4 SPOONS",1,"12-01-2010 14:32",18.68,14745,"United Kingdom"
539422,47580,"TEA TIME DES TEA COSY",1,"12-01-2010 14:32",5.06,14036,"United Kingdom"
539434,47591,"PINK FAIRY CAKE CHILDRENS APRON",1,"12-01-2010 14:32",4.21,15724,"United Kingdom"
539436,48188,"DOORMAT WELCOME PUPPIES",1,"12-01-2010 14:32",14.43,12598,"United Kingdom"
539438,71053,"WHITE METAL LANTERN",1,"12-01-2010 14:32",8.47,14227,"United Kingdom"
539443,72807,"SET/3 ROSE CANDLE IN JEWELLED BOX",1,"12-01-2010 14:32",8.47,16187,"United Kingdom"
539444,72807,"SET/3 OCEAN SCENT CANDLE JEWEL BOX",1,"12-01-2010 14:32",8.47,16339,"United Kingdom"
539445,72807,"SET/3 VANILLA SCENTED CANDLE IN BOX",1,"12-01-2010 14:32",8.47,12509,"United Kingdom"
539448,79030,"TUMBLER, BAROQUE",1,"12-01-2010 14:32",12.72,16427,"United Kingdom"
539449,79030,"TUMBLER, NEW ENGLAND",1,"12-01-2010 14:32",12.72,14056,"United Kingdom"
539450,79321,"CHILLI LIGHTS",1,"12-01-2010 14:32",10.17,15656,"United Kingdom"
539454,82583,"HOT BATHS METAL SIGN",1,"12-01-2010 14:32",4.21,17462,"United Kingdom"
539458,84029,"RED WOOLLY HOTTIE WHITE HEART.",1,"12-01-2010 14:32",7.62,12428,"United Kingdom"
539459,84029,"KNITTED UNION FLAG HOT WATER BOTTLE",1,"12-01-2010 14:32",7.62,16078,"United Kingdom"
539460,84031,"CHARLIE+LOLA RED HOT WATER BOTTLE ",4,"12-01-2010 14:32",4.21,16915,"United Kingdom"
539461,84031,"CHARLIE LOLA BLUE HOT WATER BOTTLE ",1,"12-01-2010 14:32",4.21,15676,"United Kingdom"
539464,84050,"PINK HEART SHAPE EGG FRYING PAN",3,"12-01-2010 14:32",4.21,12933,"United Kingdom"
539465,84086,"PINK/PURPLE RETRO RADIO",1,"12-01-2010 14:32",4.21,15092,"United Kingdom"
539466,84279,"CHERRY BLOSSOM  DECORATIVE FLASK",1,"12-01-2010 14:32",8.47,12679,"United Kingdom"
539467,84347,"ROTATING SILVER ANGELS T-LIGHT HLDR",4,"12-01-2010 14:32",5.06,15319,"United Kingdom"
539469,85014,"RED RETROSPOT UMBRELLA",2,"12-01-2010 14:32",12.72,15257,"United Kingdom"
539476,85048,"15CM CHRISTMAS GLASS BALL 20 LIGHTS",1,"12-01-2010 14:32",16.98,15733,"United Kingdom"
539480,85064,"CREAM SWEETHEART LETTER RACK",1,"12-01-2010 14:32",11.02,14934,"United Kingdom"
539481,85099,"JUMBO BAG RED RETROSPOT",1,"12-01-2010 14:32",4.21,15067,"United Kingdom"
539484,85123,"WHITE HANGING HEART T-LIGHT HOLDER",4,"12-01-2010 14:32",5.91,15622,"United Kingdom"
539485,85127,"SMALL SQUARE CUT GLASS CANDLESTICK",2,"12-01-2010 14:32",10.17,14473,"United Kingdom"
539488,85132,"CHARLIE + LOLA BISCUITS TINS",2,"12-01-2010 14:32",8.47,16792,"United Kingdom"
539489,85135,"BLUE DRAGONFLY HELICOPTER",1,"12-01-2010 14:32",8.47,15031,"United Kingdom"
539490,85135,"RED DRAGONFLY HELICOPTER",1,"12-01-2010 14:32",8.47,15636,"United Kingdom"
539491,85152,"HAND OVER THE CHOCOLATE   SIGN ",1,"12-01-2010 14:32",4.21,12873,"United Kingdom"
539498,85232,"SET OF 3 BABUSHKA STACKING TINS",1,"12-01-2010 14:32",4.95,14483,"United Kingdom"
539499,90003,"MIDNIGHT BLUE PAIR HEART HAIR SLIDE",1,"12-01-2010 14:32",3.81,15087,"United Kingdom"
539500,90018,"SILVER M.O.P ORBIT DROP EARRINGS",1,"12-01-2010 14:32",4.24,16709,"United Kingdom"
539501,90022,"EDWARDIAN DROP EARRINGS JET BLACK",1,"12-01-2010 14:32",3.81,17856,"United Kingdom"
539551,90099,"NECKLACE+BRACELET SET BLUE HIBISCUS",1,"12-01-2010 14:32",5.06,18218,"United Kingdom"
539564,90120,"GREEN MURANO TWIST BRACELET",1,"12-01-2010 14:32",4.24,17995,"United Kingdom"
539567,90161,"ANT COPPER RED BOUDICCA BRACELET",1,"12-01-2010 14:32",5.09,17416,"United Kingdom"
539569,90194,"SILVER LARIAT BLACK STONE EARRINGS",1,"12-01-2010 14:32",4.24,13476,"United Kingdom"
539570,90200,"PURPLE SWEETHEART BRACELET",1,"12-01-2010 14:32",4.24,12817,"United Kingdom"
539571,90200,"BLUE SWEETHEART BRACELET",1,"12-01-2010 14:32",4.24,15393,"United Kingdom"
539578,84375,"SET OF 20 KIDS COOKIE CUTTERS",4,"12-01-2010 14:32",4.21,14570,"United Kingdom"
539585,84580,"MOUSE TOY WITH PINK T-SHIRT",1,"12-01-2010 14:32",4.21,16414,"United Kingdom"
539586,84581,"DOG TOY WITH PINK CROCHET SKIRT",1,"12-01-2010 14:32",4.21,15681,"United Kingdom"
539588,84625,"PINK NEW BAROQUECANDLESTICK CANDLE",1,"12-01-2010 14:32",5.91,15675,"United Kingdom"
539595,84923,"PINK BUTTERFLY HANDBAG W BOBBLES",1,"12-01-2010 14:32",4.21,18211,"United Kingdom"
539604,21218,"RED SPOTTY BISCUIT TIN",2,"12-01-2010 14:32",3.75,12614,"United Kingdom"
539605,22968,"ROSE COTTAGE KEEPSAKE BOX ",1,"12-01-2010 14:32",9.95,13344,"United Kingdom"
539606,22862,"LOVE HEART NAPKIN BOX ",2,"12-01-2010 14:32",4.25,16621,"United Kingdom"
539607,22845,"VINTAGE CREAM CAT FOOD CONTAINER",2,"12-01-2010 14:32",6.35,16225,"United Kingdom"
539608,22844,"VINTAGE CREAM DOG FOOD CONTAINER",2,"12-01-2010 14:32",8.5,14214,"United Kingdom"
539630,17011,"ORIGAMI SANDLEWOOD INCENSE+FLOWER",1,"12-01-2010 14:32",4.21,14817,"United Kingdom"
539638,18098,"PORCELAIN BUTTERFLY OIL BURNER",2,"12-01-2010 14:32",5.91,15819,"United Kingdom"
539639,20622,"VIPPASSPORT COVER ",1,"12-01-2010 14:32",4.21,14586,"United Kingdom"
539645,20684,"STRAWBERRY DREAM CHILDS UMBRELLA",1,"12-01-2010 14:32",6.77,12758,"United Kingdom"
539646,20685,"DOORMAT RED RETROSPOT",1,"12-01-2010 14:32",14.43,13975,"United Kingdom"
539649,20725,"LUNCH BAG RED RETROSPOT",4,"12-01-2010 14:32",4.21,14367,"United Kingdom"
539654,20772,"GARDEN PATH JOURNAL",1,"12-01-2010 14:32",5.06,16426,"United Kingdom"
539655,20835,"FRENCH LATTICE CUSHION COVER ",1,"12-01-2010 14:32",11.02,16495,"United Kingdom"
539656,20839,"FRENCH PAISLEY CUSHION COVER ",1,"12-01-2010 14:32",9.32,14336,"United Kingdom"
539657,20840,"FRENCH FLORAL CUSHION COVER ",1,"12-01-2010 14:32",9.32,14507,"United Kingdom"
539659,20902,"VINTAGE KEEPSAKE BOX PARIS DAYS",1,"12-01-2010 14:32",12.72,17049,"United Kingdom"
539660,20914,"SET/5 RED RETROSPOT LID GLASS BOWLS",3,"12-01-2010 14:32",5.91,15206,"United Kingdom"
539665,20969,"RED FLORAL FELTCRAFT SHOULDER BAG",2,"12-01-2010 14:32",7.62,13026,"United Kingdom"
539711,21035,"SET/2 RED RETROSPOT TEA TOWELS ",3,"12-01-2010 14:32",5.91,14297,"United Kingdom"
539713,21041,"RED RETROSPOT OVEN GLOVE DOUBLE",2,"12-01-2010 14:32",5.91,13899,"United Kingdom"
539720,21107,"CREAM SLICE FLANNEL PINK SPOT ",1,"12-01-2010 14:32",5.91,14064,"United Kingdom"
539721,21108,"FAIRY CAKE FLANNEL ASSORTED COLOUR",3,"12-01-2010 14:32",5.06,15308,"United Kingdom"
539722,21115,"ROSE CARAVAN DOORSTOP",1,"12-01-2010 14:32",14.43,18086,"United Kingdom"
539723,21116,"OWL DOORSTOP",1,"12-01-2010 14:32",8.47,14350,"United Kingdom"
539728,21165,"BEWARE OF THE CAT METAL SIGN ",1,"12-01-2010 14:32",4.21,14077,"United Kingdom"
539729,21166,"COOK WITH WINE METAL SIGN ",2,"12-01-2010 14:32",4.21,16808,"United Kingdom"
539730,21169,"YOU'RE CONFUSING ME METAL SIGN ",1,"12-01-2010 14:32",4.21,16475,"United Kingdom"
539731,21174,"POTTERING IN THE SHED METAL SIGN",1,"12-01-2010 14:32",4.21,13265,"United Kingdom"
539732,21175,"GIN + TONIC DIET METAL SIGN",2,"12-01-2010 14:32",4.21,12520,"United Kingdom"
539734,21191,"LARGE WHITE HONEYCOMB PAPER BELL  ",6,"12-01-2010 14:32",4.21,18149,"United Kingdom"
539735,21195,"PINK  HONEYCOMB PAPER BALL ",5,"12-01-2010 14:32",4.21,13654,"United Kingdom"
539740,21216,"SET 3 RETROSPOT TEA,COFFEE,SUGAR",1,"12-01-2010 14:32",11.02,13226,"United Kingdom"
539741,21217,"RED RETROSPOT ROUND CAKE TINS",1,"12-01-2010 14:32",21.23,13043,"United Kingdom"
539742,21218,"RED SPOTTY BISCUIT TIN",1,"12-01-2010 14:32",8.47,14352,"United Kingdom"
539746,21249,"WOODLAND  HEIGHT CHART STICKERS ",1,"12-01-2010 14:32",5.91,13956,"United Kingdom"
539747,21258,"VICTORIAN SEWING BOX LARGE",1,"12-01-2010 14:32",25.49,13708,"United Kingdom"
539748,21262,"WHITE GOOSE FEATHER CHRISTMAS TREE ",2,"12-01-2010 14:32",7.62,15918,"United Kingdom"
539750,21314,"SMALL GLASS HEART TRINKET POT",12,"12-01-2010 14:32",4.21,14962,"United Kingdom"
539753,21349,"IVY HEART WREATH",1,"12-01-2010 14:32",13.57,16871,"United Kingdom"
539754,21352,"EUCALYPTUS & PINECONE  WREATH",2,"12-01-2010 14:32",5.91,12901,"United Kingdom"
539756,21365,"MIRRORED WALL ART STARS",1,"12-01-2010 14:32",5.91,15493,"United Kingdom"
539758,21366,"MIRRORED WALL ART PHOTO FRAMES",1,"12-01-2010 14:32",8.47,16005,"United Kingdom"
539759,21369,"MIRRORED WALL ART SPLODGES",1,"12-01-2010 14:32",7.62,15388,"United Kingdom"
539760,21372,"MIRRORED WALL ART TABLE LAMP",1,"12-01-2010 14:32",5.91,16804,"United Kingdom"
539762,21407,"BROWN CHECK CAT DOORSTOP ",2,"12-01-2010 14:32",8.47,15047,"United Kingdom"
539764,21408,"SPOTTY PINK DUCK DOORSTOP",1,"12-01-2010 14:32",8.47,14193,"United Kingdom"
539825,21479,"WHITE SKULL HOT WATER BOTTLE ",5,"12-01-2010 14:32",7.62,17080,"United Kingdom"
539826,21484,"CHICK GREY HOT WATER BOTTLE",4,"12-01-2010 14:32",7.62,16392,"United Kingdom"
539827,21486,"PINK HEART DOTS HOT WATER BOTTLE",1,"12-01-2010 14:32",4.21,15106,"United Kingdom"
539828,21488,"RED WHITE SCARF  HOT WATER BOTTLE",1,"12-01-2010 14:32",8.47,16214,"United Kingdom"
539830,21523,"DOORMAT FANCY FONT HOME SWEET HOME",1,"12-01-2010 14:32",14.43,15150,"United Kingdom"
539831,21559,"STRAWBERRY LUNCH BOX WITH CUTLERY",1,"12-01-2010 14:32",5.06,16061,"United Kingdom"
539832,21563,"RED HEART SHAPE LOVE BUCKET ",2,"12-01-2010 14:32",5.91,14226,"United Kingdom"
539835,21564,"PINK  HEART SHAPE LOVE BUCKET ",2,"12-01-2010 14:32",5.91,13121,"United Kingdom"
539836,21577,"SAVE THE PLANET COTTON TOTE BAG",2,"12-01-2010 14:32",5.06,16297,"United Kingdom"
539839,21658,"GLASS  BEURRE DISH",1,"12-01-2010 14:32",8.47,14636,"United Kingdom"
539840,21662,"VINTAGE GLASS COFFEE CADDY",2,"12-01-2010 14:32",11.87,16040,"United Kingdom"
539859,21706,"FOLDING UMBRELLA RED/WHITE POLKADOT",2,"12-01-2010 14:32",10.17,15182,"United Kingdom"
539864,21716,"BOYS VINTAGE TIN SEASIDE BUCKET",1,"12-01-2010 14:32",5.06,13299,"United Kingdom"
539920,21742,"LARGE ROUND WICKER PLATTER ",1,"12-01-2010 14:32",12.72,15030,"United Kingdom"
539921,21758,"VINTAGE SHELLS PRINT",1,"12-01-2010 14:32",12.72,12435,"United Kingdom"
539949,22654,"DELUXE SEWING KIT ",-1,"12-01-2010 14:33",5.95,13650,Germany
539950,22767,"TRIPLE PHOTO FRAME CORNICE ",-2,"12-01-2010 14:33",9.95,13533,Germany
539955,22168,"ORGANISER WOOD ANTIQUE WHITE ",-2,"12-01-2010 14:33",8.5,16377,Germany
539956,21218,"RED SPOTTY BISCUIT TIN",-3,"12-01-2010 14:33",3.75,16976,Germany
539958,22580,"ADVENT CALENDAR GINGHAM SACK",-4,"12-01-2010 14:33",5.95,18210,Germany
539983,22625,"RED KITCHEN SCALES",1,"12-01-2010 14:34",8.5,13072,"United Kingdom"
539985,22835,"HOT WATER BOTTLE I AM SO POORLY",2,"12-01-2010 14:34",4.65,14110,"United Kingdom"
539986,22837,"HOT WATER BOTTLE BABUSHKA ",2,"12-01-2010 14:34",4.65,14059,"United Kingdom"
539989,22112,"CHOCOLATE HOT WATER BOTTLE",1,"12-01-2010 14:34",4.95,16256,"United Kingdom"
540008,22111,"SCOTTIE DOG HOT WATER BOTTLE",1,"12-01-2010 14:34",4.95,15703,"United Kingdom"
540010,22112,"CHOCOLATE HOT WATER BOTTLE",1,"12-01-2010 14:34",4.95,17134,"United Kingdom"
540023,21922,"UNION STRIPE WITH FRINGE  HAMMOCK",2,"12-01-2010 14:38",7.95,14408,"United Kingdom"
540025,21843,"RED RETROSPOT CAKE STAND",1,"12-01-2010 14:38",10.95,15445,"United Kingdom"
540026,20749,"ASSORTED COLOUR MINI CASES",2,"12-01-2010 14:38",7.95,15452,"United Kingdom"
540032,21258,"VICTORIAN SEWING BOX LARGE",1,"12-01-2010 14:41",12.75,16384,"United Kingdom"
540040,84920,"PINK FLOWER FABRIC PONY",1,"12-01-2010 14:41",3.75,14245,"United Kingdom"
540073,22471,"TV DINNER TRAY AIR HOSTESS ",1,"12-01-2010 14:41",4.95,17763,"United Kingdom"
540100,22568,"FELTCRAFT CUSHION OWL",1,"12-01-2010 14:41",3.75,16135,"United Kingdom"
540109,22570,"FELTCRAFT CUSHION RABBIT",1,"12-01-2010 14:41",3.75,12831,"United Kingdom"
540112,22730,"ALARM CLOCK BAKELIKE IVORY",1,"12-01-2010 14:41",3.75,15437,"United Kingdom"
540113,20749,"ASSORTED COLOUR MINI CASES",1,"12-01-2010 14:41",7.95,16809,"United Kingdom"
540114,22785,"SQUARECUSHION COVER PINK UNION FLAG",1,"12-01-2010 14:41",6.75,14711,"United Kingdom"
540115,22786,"CUSHION COVER PINK UNION JACK",2,"12-01-2010 14:41",5.95,14377,"United Kingdom"
540116,85064,"CREAM SWEETHEART LETTER RACK",2,"12-01-2010 14:41",5.45,16374,"United Kingdom"
540120,21486,"PINK HEART DOTS HOT WATER BOTTLE",2,"12-01-2010 14:41",3.75,15457,"United Kingdom"
540121,22114,"HOT WATER BOTTLE TEA AND SYMPATHY",2,"12-01-2010 14:41",3.95,12613,"United Kingdom"
540122,21485,"RETROSPOT HEART HOT WATER BOTTLE",1,"12-01-2010 14:41",4.95,16721,"United Kingdom"
540126,84029,"RED WOOLLY HOTTIE WHITE HEART.",1,"12-01-2010 14:41",3.75,12399,"United Kingdom"
540142,22468,"BABUSHKA LIGHTS STRING OF 10",1,"12-01-2010 14:41",6.75,15410,"United Kingdom"
540146,85232,"SET OF 3 BABUSHKA STACKING TINS",1,"12-01-2010 14:41",4.95,13239,"United Kingdom"
540148,21479,"WHITE SKULL HOT WATER BOTTLE ",5,"12-01-2010 14:41",3.75,15449,"United Kingdom"
540149,84029,"KNITTED UNION FLAG HOT WATER BOTTLE",2,"12-01-2010 14:41",3.75,14870,"United Kingdom"
540150,22837,"HOT WATER BOTTLE BABUSHKA ",5,"12-01-2010 14:41",4.65,13821,"United Kingdom"
540151,22112,"CHOCOLATE HOT WATER BOTTLE",2,"12-01-2010 14:41",4.95,17096,"United Kingdom"
540152,22835,"HOT WATER BOTTLE I AM SO POORLY",1,"12-01-2010 14:41",4.65,12604,"United Kingdom"
540153,21485,"RETROSPOT HEART HOT WATER BOTTLE",2,"12-01-2010 14:41",4.95,12818,"United Kingdom"
540154,22111,"SCOTTIE DOG HOT WATER BOTTLE",7,"12-01-2010 14:41",4.95,18191,"United Kingdom"
540157,21259,"VICTORIAN SEWING BOX SMALL ",4,"12-01-2010 14:41",5.95,16859,"United Kingdom"
540158,22941,"CHRISTMAS LIGHTS 10 REINDEER",1,"12-01-2010 14:41",8.5,15245,"United Kingdom"
540159,82484,"WOOD BLACK BOARD ANT WHITE FINISH",1,"12-01-2010 14:41",6.45,17486,"United Kingdom"
540160,84685,"BEACH HUT KEY CABINET",1,"12-01-2010 14:41",3.75,16308,"United Kingdom"
540161,21363,"HOME SMALL WOOD LETTERS",1,"12-01-2010 14:41",4.95,12564,"United Kingdom"
540162,85232,"SET OF 3 BABUSHKA STACKING TINS",1,"12-01-2010 14:41",4.95,14607,"United Kingdom"
540166,22114,"HOT WATER BOTTLE TEA AND SYMPATHY",1,"12-01-2010 14:41",3.95,17250,"United Kingdom"
540169,22794,"SWEETHEART WIRE MAGAZINE RACK",1,"12-01-2010 14:41",7.95,15651,"United Kingdom"
540170,22592,"CARDHOLDER HOLLY WREATH METAL",1,"12-01-2010 14:41",3.75,13035,"United Kingdom"
540172,84352,"SILVER CHRISTMAS TREE BAUBLE STAND ",1,"12-01-2010 14:41",16.95,13341,"United Kingdom"
540173,79321,"CHILLI LIGHTS",24,"12-01-2010 14:41",4.25,13512,"United Kingdom"
540177,22795,"SWEETHEART RECIPE BOOK STAND",2,"12-01-2010 14:41",6.75,13736,"United Kingdom"
540179,22278,"OVERNIGHT BAG VINTAGE ROSE PAISLEY",1,"12-01-2010 14:41",4.95,14235,"United Kingdom"
540180,22802,"FAUX FUR CHOCOLATE THROW",5,"12-01-2010 14:48",19.95,16769,"United Kingdom"
540181,84884,"ANT WHITE WIRE HEART SPIRAL",10,"12-01-2010 14:54",3.95,17754,"United Kingdom"
540187,22366,"DOORMAT AIRMAIL ",10,"12-01-2010 14:54",6.75,13695,"United Kingdom"
540238,79321,"CHILLI LIGHTS",48,"12-01-2010 15:00",4.25,12545,"United Kingdom"
540239,48129,"DOORMAT TOPIARY",10,"12-01-2010 15:00",6.75,14758,"United Kingdom"
540240,48111,"DOORMAT 3 SMILEY CATS",10,"12-01-2010 15:00",6.75,14536,"United Kingdom"
540241,22960,"JAM MAKING SET WITH JARS",12,"12-01-2010 15:00",3.75,13662,"United Kingdom"
540242,22847,"BREAD BIN DINER STYLE IVORY",4,"12-01-2010 15:00",14.95,17946,"United Kingdom"
540243,22846,"BREAD BIN DINER STYLE RED ",4,"12-01-2010 15:00",14.95,13743,"United Kingdom"
540250,20685,"DOORMAT RED RETROSPOT",20,"12-01-2010 15:00",6.75,16777,"United Kingdom"
540260,22750,"FELTCRAFT PRINCESS LOLA DOLL",4,"12-01-2010 15:06",3.75,13760,"United Kingdom"
540261,22780,"LIGHT GARLAND BUTTERFILES PINK",8,"12-01-2010 15:06",4.25,15624,"United Kingdom"
540262,22779,"WOODEN OWLS LIGHT GARLAND ",8,"12-01-2010 15:06",4.25,17749,"United Kingdom"
540268,21777,"RECIPE BOX WITH METAL HEART",2,"12-01-2010 15:08",7.95,13037,"United Kingdom"
540270,22752,"SET 7 BABUSHKA NESTING BOXES",2,"12-01-2010 15:08",8.5,14128,"United Kingdom"
540273,20685,"DOORMAT RED RETROSPOT",2,"12-01-2010 15:08",7.95,17719,"United Kingdom"
540274,48185,"DOORMAT FAIRY CAKE",2,"12-01-2010 15:08",7.95,17931,"United Kingdom"
540275,48194,"DOORMAT HEARTS",2,"12-01-2010 15:08",7.95,13803,"United Kingdom"
540276,22423,"REGENCY CAKESTAND 3 TIER",2,"12-01-2010 15:08",12.75,17398,"United Kingdom"
540278,37449,"CERAMIC CAKE STAND + HANGING CAKES",2,"12-01-2010 15:08",9.95,16253,"United Kingdom"
540288,84509,"SET OF 4 FAIRY CAKE PLACEMATS",4,"12-01-2010 15:08",3.75,13588,"United Kingdom"
540347,22187,"GREEN CHRISTMAS TREE CARD HOLDER",4,"12-01-2010 15:08",4.25,17594,"United Kingdom"
540351,22800,"ANTIQUE TALL SWIRLGLASS TRINKET POT",4,"12-01-2010 15:08",3.75,15424,"United Kingdom"
540356,22941,"CHRISTMAS LIGHTS 10 REINDEER",1,"12-01-2010 15:08",8.5,18108,"United Kingdom"
540358,37449,"CERAMIC CAKE STAND + HANGING CAKES",4,"12-01-2010 15:08",9.95,15980,"United Kingdom"
540360,21369,"MIRRORED WALL ART SPLODGES",1,"12-01-2010 15:15",3.75,16092,"United Kingdom"
540377,22171,"3 HOOK PHOTO SHELF ANTIQUE WHITE",1,"12-01-2010 15:35",8.5,13573,"United Kingdom"
540378,21462,"NURSERY A,B,C PAINTED LETTERS",1,"12-01-2010 15:35",6.75,14957,"United Kingdom"
540379,22622,"BOX OF VINTAGE ALPHABET BLOCKS",1,"12-01-2010 15:35",9.95,13918,"United Kingdom"
540382,22111,"SCOTTIE DOG HOT WATER BOTTLE",1,"12-01-2010 15:35",4.95,14886,"United Kingdom"
540384,84870,"GREEN GEISHA GIRL ",1,"12-01-2010 15:35",3.75,16609,"United Kingdom"
540387,22111,"SCOTTIE DOG HOT WATER BOTTLE",1,"12-01-2010 15:35",4.95,18263,"United Kingdom"
540388,22113,"GREY HEART HOT WATER BOTTLE",1,"12-01-2010 15:35",3.75,16960,"United Kingdom"
540389,84870,"BLUE GEISHA GIRL ",1,"12-01-2010 15:35",3.75,13841,"United Kingdom"
540390,22119,"PEACE WOODEN BLOCK LETTERS",1,"12-01-2010 15:35",6.95,17701,"United Kingdom"
540391,22121,"NOEL WOODEN BLOCK LETTERS ",1,"12-01-2010 15:35",5.95,12949,"United Kingdom"
540392,22765,"NEWSPAPER STAND",1,"12-01-2010 15:35",14.95,14852,"United Kingdom"
540393,21351,"CINAMMON & ORANGE WREATH",2,"12-01-2010 15:35",6.75,12569,"United Kingdom"
540415,21813,"GARLAND WITH STARS AND BELLS",1,"12-01-2010 15:35",4.95,13015,"United Kingdom"
540416,21808,"CHRISTMAS GARLAND STARS,TREES",1,"12-01-2010 15:35",3.75,16586,"United Kingdom"
540417,21804,"WHITE CHRISTMAS GARLAND STARS TREES",1,"12-01-2010 15:35",3.75,16105,"United Kingdom"
540456,22635,"CHILDS BREAKFAST SET DOLLY GIRL ",1,"12-01-2010 15:35",9.95,16696,"United Kingdom"
540458,22428,"ENAMEL FIRE BUCKET CREAM",1,"12-01-2010 15:35",6.95,17492,"United Kingdom"
540459,22946,"WOODEN ADVENT CALENDAR CREAM",1,"12-01-2010 15:35",16.95,13525,"United Kingdom"
540460,22825,"DECORATIVE PLANT POT WITH FRIEZE",1,"12-01-2010 15:35",7.95,17409,"United Kingdom"
540463,21340,"CLASSIC METAL BIRDCAGE PLANT HOLDER",1,"12-01-2010 15:35",12.75,13515,"United Kingdom"
540468,22750,"FELTCRAFT PRINCESS LOLA DOLL",1,"12-01-2010 15:35",3.75,15201,"United Kingdom"
540469,22767,"TRIPLE PHOTO FRAME CORNICE ",1,"12-01-2010 15:35",9.95,14964,"United Kingdom"
540470,22660,"DOORMAT I LOVE LONDON",1,"12-01-2010 15:35",7.95,16031,"United Kingdom"
540471,85232,"SET OF 3 BABUSHKA STACKING TINS",1,"12-01-2010 15:35",4.95,14403,"United Kingdom"
540472,22941,"CHRISTMAS LIGHTS 10 REINDEER",1,"12-01-2010 15:35",8.5,17042,"United Kingdom"
540473,21761,"WOOD AND GLASS MEDICINE CABINET",1,"12-01-2010 15:35",29.95,13771,"United Kingdom"
540475,21781,"MA CAMPAGNE CUTLERY BOX",2,"12-01-2010 15:35",14.95,18272,"United Kingdom"
540478,22835,"HOT WATER BOTTLE I AM SO POORLY",24,"12-01-2010 15:35",4.25,12580,"United Kingdom"
540482,84360,"TABLE LAMP WHITE SHADE WOOD BASE",2,"12-01-2010 15:37",5.95,13752,"United Kingdom"
540500,85045,"GREEN CHRISTMAS TREE STRING 20LIGHT",4,"12-01-2010 15:37",4.95,13005,"United Kingdom"
540501,21352,"EUCALYPTUS & PINECONE  WREATH",2,"12-01-2010 15:37",6.75,14981,"United Kingdom"
540506,85048,"15CM CHRISTMAS GLASS BALL 20 LIGHTS",2,"12-01-2010 15:37",7.95,13995,"United Kingdom"
540508,22121,"NOEL WOODEN BLOCK LETTERS ",3,"12-01-2010 15:40",5.95,14246,"United Kingdom"
540509,22119,"PEACE WOODEN BLOCK LETTERS",3,"12-01-2010 15:40",6.95,18040,"United Kingdom"
540523,21523,"DOORMAT FANCY FONT HOME SWEET HOME",10,"12-01-2010 15:40",6.75,17054,"United Kingdom"
540526,21754,"HOME BUILDING BLOCK WORD",6,"12-01-2010 15:40",5.95,13508,"United Kingdom"
540527,21756,"BATH BUILDING BLOCK WORD",3,"12-01-2010 15:40",5.95,12447,"United Kingdom"
540532,21756,"BATH BUILDING BLOCK WORD",3,"12-01-2010 15:46",5.95,15665,"United Kingdom"
540539,15056,"EDWARDIAN PARASOL PINK",48,"12-01-2010 16:01",4.6,17574,"United Kingdom"
540542,85174,"S/4 CACTI CANDLES",16,"12-01-2010 16:11",4.25,14311,"United Kingdom"
540548,35004,"SET OF 3 COLOURED  FLYING DUCKS",120,"12-01-2010 16:11",4.65,12363,"United Kingdom"
540553,15056,"EDWARDIAN PARASOL NATURAL",36,"12-01-2010 16:11",4.25,14326,"United Kingdom"
540561,22837,"HOT WATER BOTTLE BABUSHKA ",12,"12-01-2010 16:15",4.65,17972,"United Kingdom"
540566,22726,"ALARM CLOCK BAKELIKE GREEN",4,"12-01-2010 16:15",3.75,16729,"United Kingdom"
540567,22728,"ALARM CLOCK BAKELIKE PINK",4,"12-01-2010 16:15",3.75,14998,"United Kingdom"
540568,22729,"ALARM CLOCK BAKELIKE ORANGE",4,"12-01-2010 16:15",3.75,13484,"United Kingdom"
540645,21374,"MIRRORED WALL ART SKULLS",4,"12-01-2010 16:21",3.75,17746,"United Kingdom"
540647,21479,"WHITE SKULL HOT WATER BOTTLE ",8,"12-01-2010 16:21",3.75,14834,"United Kingdom"
540650,84031,"CHARLIE+LOLA RED HOT WATER BOTTLE ",6,"12-01-2010 16:21",4.65,16131,"United Kingdom"
540664,22634,"CHILDS BREAKFAST SET SPACEBOY ",2,"12-01-2010 16:21",9.95,13772,"United Kingdom"
540671,22635,"CHILDS BREAKFAST SET DOLLY GIRL ",2,"12-01-2010 16:21",9.95,15935,"United Kingdom"
540674,37449,"CERAMIC CAKE STAND + HANGING CAKES",2,"12-01-2010 16:24",9.95,13989,"United Kingdom"
540675,22846,"BREAD BIN DINER STYLE RED ",8,"12-01-2010 16:25",14.95,17930,"United Kingdom"
540676,22848,"BREAD BIN DINER STYLE PINK",8,"12-01-2010 16:25",14.95,14154,"United Kingdom"
540677,22726,"ALARM CLOCK BAKELIKE GREEN",8,"12-01-2010 16:25",3.75,14482,"United Kingdom"
540678,22728,"ALARM CLOCK BAKELIKE PINK",8,"12-01-2010 16:25",3.75,14163,"United Kingdom"
540679,22725,"ALARM CLOCK BAKELIKE CHOCOLATE",4,"12-01-2010 16:25",3.75,14105,"United Kingdom"
540680,22729,"ALARM CLOCK BAKELIKE ORANGE",4,"12-01-2010 16:25",3.75,17601,"United Kingdom"
540681,22730,"ALARM CLOCK BAKELIKE IVORY",4,"12-01-2010 16:25",3.75,17142,"United Kingdom"
540692,22752,"SET 7 BABUSHKA NESTING BOXES",2,"12-01-2010 16:33",8.5,18079,"United Kingdom"
540693,22114,"HOT WATER BOTTLE TEA AND SYMPATHY",4,"12-01-2010 16:33",3.95,12639,"United Kingdom"
540750,22960,"JAM MAKING SET WITH JARS",6,"12-01-2010 16:49",4.25,17582,"United Kingdom"
540770,21777,"RECIPE BOX WITH METAL HEART",1,"12-01-2010 16:49",7.95,16947,"United Kingdom"
540779,84997,"GREEN 3 PIECE POLKADOT CUTLERY SET",6,"12-01-2010 16:49",3.75,15265,"United Kingdom"
540780,84997,"RED 3 PIECE RETROSPOT CUTLERY SET",6,"12-01-2010 16:49",3.75,16226,"United Kingdom"
540781,84997,"BLUE 3 PIECE POLKADOT CUTLERY SET",12,"12-01-2010 16:49",3.75,18009,"United Kingdom"
540786,22112,"CHOCOLATE HOT WATER BOTTLE",3,"12-01-2010 16:52",4.95,15508,"United Kingdom"
540787,22114,"HOT WATER BOTTLE TEA AND SYMPATHY",4,"12-01-2010 16:52",3.95,16628,"United Kingdom"
540788,21340,"CLASSIC METAL BIRDCAGE PLANT HOLDER",1,"12-01-2010 16:52",12.75,13647,"United Kingdom"
540791,22776,"SWEETHEART CAKESTAND 3 TIER",1,"12-01-2010 16:52",9.95,13735,"United Kingdom"
540793,22794,"SWEETHEART WIRE MAGAZINE RACK",2,"12-01-2010 16:52",7.95,15717,"United Kingdom"
540796,22622,"BOX OF VINTAGE ALPHABET BLOCKS",2,"12-01-2010 16:52",9.95,13101,"United Kingdom"
540797,21055,"TOOL BOX SOFT TOY ",1,"12-01-2010 16:52",8.95,15225,"United Kingdom"
540814,20750,"RED RETROSPOT MINI CASES",1,"12-01-2010 16:57",7.95,14626,"United Kingdom"
540815,21888,"BINGO SET",1,"12-01-2010 16:57",3.75,14868,"United Kingdom"
540819,21629,"SQUARE FLOOR CUSHION VINTAGE RED",1,"12-01-2010 16:57",7.95,17115,"United Kingdom"
540821,72807,"SET/3 VANILLA SCENTED CANDLE IN BOX",2,"12-01-2010 16:57",4.25,16611,"United Kingdom"
540822,22497,"SET OF 2 TINS VINTAGE BATHROOM ",1,"12-01-2010 16:57",4.25,15912,"United Kingdom"
540823,21850,"BLUE  DIAMANTE PEN IN GIFT BOX",1,"12-01-2010 16:57",4.95,12506,"United Kingdom"
540827,20780,"BLACK EAR MUFF HEADPHONES",1,"12-01-2010 16:57",5.49,16185,"United Kingdom"
540832,22476,"EMPIRE UNION JACK TV DINNER TRAY",2,"12-01-2010 16:57",4.95,12354,"United Kingdom"
540835,21620,"SET OF 4 ROSE BOTANICAL CANDLES",1,"12-01-2010 16:57",3.75,17718,"United Kingdom"
540836,37449,"CERAMIC CAKE STAND + HANGING CAKES",1,"12-01-2010 16:57",9.95,17630,"United Kingdom"
540842,85064,"CREAM SWEETHEART LETTER RACK",2,"12-01-2010 16:58",5.45,16750,"United Kingdom"
540843,22121,"NOEL WOODEN BLOCK LETTERS ",2,"12-01-2010 16:58",5.95,13482,"United Kingdom"
540844,21488,"RED WHITE SCARF  HOT WATER BOTTLE",1,"12-01-2010 16:58",3.95,14512,"United Kingdom"
540846,22357,"KINGS CHOICE BISCUIT TIN",1,"12-01-2010 16:58",4.25,16834,"United Kingdom"
540866,20616,"CHERRY BLOSSOM PASSPORT COVER",1,"12-01-2010 17:06",4.21,16418,"United Kingdom"
540895,20617,"FIRST CLASS PASSPORT COVER ",1,"12-01-2010 17:06",4.21,16099,"United Kingdom"
540900,20619,"TROPICAL PASSPORT COVER ",1,"12-01-2010 17:06",4.21,15768,"United Kingdom"
540908,20681,"PINK POLKADOT CHILDRENS UMBRELLA",1,"12-01-2010 17:06",6.77,15143,"United Kingdom"
540915,20682,"RED RETROSPOT CHILDRENS UMBRELLA",2,"12-01-2010 17:06",6.77,13229,"United Kingdom"
540937,20696,"FLORAL SOFT CAR TOY",1,"12-01-2010 17:06",7.62,14973,"United Kingdom"
540938,20699,"MOUSEY LONG LEGS SOFT TOY",2,"12-01-2010 17:06",5.06,14271,"United Kingdom"
540939,20700,"GREEN CAT FLORAL CUSHION COVER ",1,"12-01-2010 17:06",10.17,15952,"United Kingdom"
540945,20725,"LUNCH BAG RED RETROSPOT",2,"12-01-2010 17:06",4.21,16370,"United Kingdom"
540946,20727,"LUNCH BAG  BLACK SKULL.",2,"12-01-2010 17:06",4.21,15376,"United Kingdom"
540949,20752,"BLUE POLKADOT WASHING UP GLOVES",1,"12-01-2010 17:06",4.21,16055,"United Kingdom"
540950,20754,"RETROSPOT RED WASHING UP GLOVES",1,"12-01-2010 17:06",4.21,14149,"United Kingdom"
540951,20761,"BLUE PAISLEY SKETCHBOOK",1,"12-01-2010 17:06",7.62,17501,"United Kingdom"
540952,20780,"BLACK EAR MUFF HEADPHONES",1,"12-01-2010 17:06",11.02,14191,"United Kingdom"
540954,20914,"SET/5 RED RETROSPOT LID GLASS BOWLS",1,"12-01-2010 17:06",5.91,15582,"United Kingdom"
540955,20931,"BLUE POT PLANT CANDLE ",2,"12-01-2010 17:06",7.62,16230,"United Kingdom"
540978,21035,"SET/2 RED RETROSPOT TEA TOWELS ",2,"12-01-2010 17:06",5.91,14173,"United Kingdom"
540979,21055,"TOOL BOX SOFT TOY ",2,"12-01-2010 17:06",16.98,16258,"United Kingdom"
540984,21108,"FAIRY CAKE FLANNEL ASSORTED COLOUR",19,"12-01-2010 17:06",5.06,12593,"United Kingdom"
540985,21109,"LARGE CAKE TOWEL, CHOCOLATE SPOTS",1,"12-01-2010 17:06",13.57,14340,"United Kingdom"
540986,21110,"LARGE CAKE TOWEL PINK SPOTS",2,"12-01-2010 17:06",13.57,17429,"United Kingdom"
540987,21111,"SWISS ROLL TOWEL, CHOCOLATE  SPOTS",2,"12-01-2010 17:06",5.91,13711,"United Kingdom"
540990,21128,"GOLD FISHING GNOME",1,"12-01-2010 17:06",12.72,14515,"United Kingdom"
540992,21164,"HOME SWEET HOME METAL SIGN ",1,"12-01-2010 17:06",5.91,17527,"United Kingdom"
540993,21165,"BEWARE OF THE CAT METAL SIGN ",3,"12-01-2010 17:06",4.21,14199,"United Kingdom"
540994,21174,"POTTERING IN THE SHED METAL SIGN",4,"12-01-2010 17:06",4.21,13888,"United Kingdom"
540995,21181,"PLEASE ONE PERSON METAL SIGN",2,"12-01-2010 17:06",4.21,14423,"United Kingdom"
540996,21188,"3D HEARTS  HONEYCOMB PAPER GARLAND",2,"12-01-2010 17:06",5.91,14697,"United Kingdom"
540997,21191,"LARGE WHITE HONEYCOMB PAPER BELL  ",5,"12-01-2010 17:06",4.21,17522,"United Kingdom"
541005,21249,"WOODLAND  HEIGHT CHART STICKERS ",1,"12-01-2010 17:06",5.91,15668,"United Kingdom"
541006,21257,"VICTORIAN SEWING BOX MEDIUM",2,"12-01-2010 17:06",16.13,16319,"United Kingdom"
541007,21258,"VICTORIAN SEWING BOX LARGE",3,"12-01-2010 17:06",25.49,15757,"United Kingdom"
541008,21262,"WHITE GOOSE FEATHER CHRISTMAS TREE ",1,"12-01-2010 17:06",7.62,17174,"United Kingdom"
541010,21279,"VINTAGE KITCHEN PRINT FRUITS",1,"12-01-2010 17:06",5.06,18227,"United Kingdom"
541011,21281,"VINTAGE KITCHEN PRINT SEAFOOD",1,"12-01-2010 17:06",5.06,14145,"United Kingdom"
541012,21288,"STRIPEY CHOCOLATE NESTING BOXES",1,"12-01-2010 17:06",5.91,18235,"United Kingdom"
541014,21314,"SMALL GLASS HEART TRINKET POT",8,"12-01-2010 17:06",4.21,12394,"United Kingdom"
541015,21340,"CLASSIC METAL BIRDCAGE PLANT HOLDER",1,"12-01-2010 17:06",25.49,16832,"United Kingdom"
541018,21349,"IVY HEART WREATH",3,"12-01-2010 17:06",13.57,15258,"United Kingdom"
541021,21352,"EUCALYPTUS & PINECONE  WREATH",7,"12-01-2010 17:06",5.91,15552,"United Kingdom"
541088,21479,"WHITE SKULL HOT WATER BOTTLE ",8,"12-01-2010 17:06",7.62,16121,"United Kingdom"
541089,21481,"FAWN BLUE HOT WATER BOTTLE",3,"12-01-2010 17:06",5.91,18142,"United Kingdom"
541090,21484,"CHICK GREY HOT WATER BOTTLE",2,"12-01-2010 17:06",7.62,13642,"United Kingdom"
541091,21486,"PINK HEART DOTS HOT WATER BOTTLE",7,"12-01-2010 17:06",4.21,15117,"United Kingdom"
541092,21488,"RED WHITE SCARF  HOT WATER BOTTLE",1,"12-01-2010 17:06",8.47,13561,"United Kingdom"
541093,21494,"ROTATING LEAVES T-LIGHT HOLDER",2,"12-01-2010 17:06",5.06,15704,"United Kingdom"
541104,21524,"DOORMAT SPOTTY HOME SWEET HOME",1,"12-01-2010 17:06",14.43,17410,"United Kingdom"
541105,21537,"RED RETROSPOT PUDDING BOWL",2,"12-01-2010 17:06",8.47,13835,"United Kingdom"
541107,21547,"CERAMIC BIRDHOUSE CRESTED TIT SMALL",1,"12-01-2010 17:06",5.91,14353,"United Kingdom"
541108,21557,"SET OF 6 FUNKY BEAKERS",1,"12-01-2010 17:06",5.91,12700,"United Kingdom"
541109,21559,"STRAWBERRY LUNCH BOX WITH CUTLERY",1,"12-01-2010 17:06",5.06,13003,"United Kingdom"
541110,21576,"LETS GO SHOPPING COTTON TOTE BAG",1,"12-01-2010 17:06",5.06,16756,"United Kingdom"
541111,21594,"Dr. Jam's Arouzer Stress Ball",1,"12-01-2010 17:06",4.21,13492,"United Kingdom"
541112,21638,"ASSORTED TUTTI FRUTTI NOTEBOOK",1,"12-01-2010 17:06",4.21,16440,"United Kingdom"
541115,21658,"GLASS  BEURRE DISH",1,"12-01-2010 17:06",8.47,17723,"United Kingdom"
541120,21700,"BIG DOUGHNUT FRIDGE MAGNETS",1,"12-01-2010 17:06",8.47,13320,"United Kingdom"
541124,21743,"STAR PORTABLE TABLE LIGHT ",1,"12-01-2010 17:06",5.91,17597,"United Kingdom"
541125,21745,"GAOLERS KEYS DECORATIVE GARDEN ",1,"12-01-2010 17:06",8.47,14397,"United Kingdom"
541126,21754,"HOME BUILDING BLOCK WORD",1,"12-01-2010 17:06",11.87,13242,"United Kingdom"
541127,21755,"LOVE BUILDING BLOCK WORD",1,"12-01-2010 17:06",11.87,12684,"United Kingdom"
541128,21756,"BATH BUILDING BLOCK WORD",1,"12-01-2010 17:06",11.87,14288,"United Kingdom"
541132,21777,"RECIPE BOX WITH METAL HEART",2,"12-01-2010 17:06",7.95,13990,"United Kingdom"
541172,21813,"GARLAND WITH STARS AND BELLS",1,"12-01-2010 17:06",10.17,16644,"United Kingdom"
541181,21820,"GLITTER HEART GARLAND WITH BELLS ",1,"12-01-2010 17:06",7.62,14731,"United Kingdom"
541201,21821,"GLITTER STAR GARLAND WITH BELLS ",1,"12-01-2010 17:06",7.62,14277,"United Kingdom"
541205,21844,"RED RETROSPOT MUG",1,"12-01-2010 17:06",5.91,17664,"United Kingdom"
541206,21846,"PINK DIAMANTE PEN IN GIFT BOX",4,"12-01-2010 17:06",4.21,14649,"United Kingdom"
541207,21851,"LILAC DIAMANTE PEN IN GIFT BOX",3,"12-01-2010 17:06",4.21,13235,"United Kingdom"
541219,21896,"POTTING SHED TWINE",1,"12-01-2010 17:06",4.21,14364,"United Kingdom"
541221,21906,"PHARMACIE FIRST AID TIN",1,"12-01-2010 17:06",13.57,16184,"United Kingdom"
541222,21908,"CHOCOLATE THIS WAY METAL SIGN",1,"12-01-2010 17:06",4.21,17932,"United Kingdom"
541225,21929,"JUMBO BAG PINK VINTAGE PAISLEY",1,"12-01-2010 17:06",4.21,14853,"United Kingdom"
541226,21931,"JUMBO STORAGE BAG SUKI",1,"12-01-2010 17:06",4.21,17658,"United Kingdom"
541247,22078,"RIBBON REEL LACE DESIGN ",1,"12-01-2010 17:06",4.21,12674,"United Kingdom"
541250,22083,"PAPER CHAIN KIT RETROSPOT",2,"12-01-2010 17:06",5.91,14038,"United Kingdom"
541251,22084,"PAPER CHAIN KIT EMPIRE",1,"12-01-2010 17:06",5.91,14489,"United Kingdom"
541252,22086,"PAPER CHAIN KIT 50'S CHRISTMAS ",22,"12-01-2010 17:06",5.91,14888,"United Kingdom"
541253,22090,"PAPER BUNTING RETROSPOT",1,"12-01-2010 17:06",5.91,17190,"United Kingdom"
541256,22109,"FULL ENGLISH BREAKFAST PLATE",2,"12-01-2010 17:06",7.62,13976,"United Kingdom"
541257,22111,"SCOTTIE DOG HOT WATER BOTTLE",3,"12-01-2010 17:06",11.02,16139,"United Kingdom"
541258,22112,"CHOCOLATE HOT WATER BOTTLE",3,"12-01-2010 17:06",11.02,15730,"United Kingdom"
541259,22114,"HOT WATER BOTTLE TEA AND SYMPATHY",3,"12-01-2010 17:06",8.47,16266,"United Kingdom"
541260,22117,"METAL SIGN HER DINNER IS SERVED ",1,"12-01-2010 17:06",5.91,15123,"United Kingdom"
541261,22121,"NOEL WOODEN BLOCK LETTERS ",1,"12-01-2010 17:06",11.87,17505,"United Kingdom"
541265,22141,"CHRISTMAS CRAFT TREE TOP ANGEL",4,"12-01-2010 17:06",4.21,14583,"United Kingdom"
541267,22144,"CHRISTMAS CRAFT LITTLE FRIENDS",2,"12-01-2010 17:06",4.21,13572,"United Kingdom"
541269,22149,"FELTCRAFT 6 FLOWER FRIENDS",2,"12-01-2010 17:06",4.21,13258,"United Kingdom"
541272,22165,"DIAMANTE HEART SHAPED WALL MIRROR, ",1,"12-01-2010 17:06",11.02,16987,"United Kingdom"
541273,22169,"FAMILY ALBUM WHITE PICTURE FRAME",1,"12-01-2010 17:06",16.98,13417,"United Kingdom"
541276,22182,"CAKE STAND VICTORIAN FILIGREE SMALL",1,"12-01-2010 17:06",4.21,17469,"United Kingdom"
541277,22183,"CAKE STAND VICTORIAN FILIGREE MED",2,"12-01-2010 17:06",5.91,16647,"United Kingdom"
541278,22184,"CAKE STAND VICTORIAN FILIGREE LARGE",1,"12-01-2010 17:06",8.47,15630,"United Kingdom"
541279,22188,"BLACK HEART CARD HOLDER",2,"12-01-2010 17:06",8.47,17245,"United Kingdom"
541285,22207,"FRYING PAN UNION FLAG",1,"12-01-2010 17:06",8.47,15599,"United Kingdom"
541288,22246,"MAGIC GARDEN FELT GARLAND ",2,"12-01-2010 17:06",4.21,16463,"United Kingdom"
541292,22276,"WASH BAG VINTAGE ROSE PAISLEY",2,"12-01-2010 17:06",5.91,12353,"United Kingdom"
541293,22277,"COSMETIC BAG VINTAGE ROSE PAISLEY",2,"12-01-2010 17:06",4.21,14551,"United Kingdom"
541294,22278,"OVERNIGHT BAG VINTAGE ROSE PAISLEY",1,"12-01-2010 17:06",11.02,17166,"United Kingdom"
541302,22283,"6 EGG HOUSE PAINTED WOOD",1,"12-01-2010 17:06",16.13,17926,"United Kingdom"
541357,22300,"COFFEE MUG DOG + BALL DESIGN",2,"12-01-2010 17:06",5.06,17455,"United Kingdom"
541362,22301,"COFFEE MUG CAT + BIRD DESIGN",2,"12-01-2010 17:06",5.06,13308,"United Kingdom"
541370,22304,"COFFEE MUG BLUE PAISLEY DESIGN",1,"12-01-2010 17:06",5.06,13856,"United Kingdom"
541371,22308,"TEA COSY BLUE STRIPE",1,"12-01-2010 17:06",5.06,13243,"United Kingdom"
541391,22309,"TEA COSY RED  STRIPE",1,"12-01-2010 17:06",5.06,15095,"United Kingdom"
541405,22311,"OFFICE MUG WARMER BLACK+SILVER ",2,"12-01-2010 17:06",5.91,18287,"United Kingdom"
541406,22312,"OFFICE MUG WARMER POLKADOT",1,"12-01-2010 17:06",5.91,18150,"United Kingdom"
541407,22314,"OFFICE MUG WARMER CHOC+BLUE",1,"12-01-2010 17:06",5.91,16690,"United Kingdom"
541408,22317,"FIVE CATS HANGING DECORATION",2,"12-01-2010 17:06",5.91,13555,"United Kingdom"
541409,22324,"BLUE POLKADOT KIDS BAG",1,"12-01-2010 17:06",4.21,16038,"United Kingdom"
541410,22325,"MOBILE VINTAGE HEARTS ",1,"12-01-2010 17:06",11.87,13972,"United Kingdom"
541414,22350,"ILLUSTRATED CAT BOWL ",2,"12-01-2010 17:06",5.06,14837,"United Kingdom"
541415,22352,"LUNCH BOX WITH CUTLERY RETROSPOT ",1,"12-01-2010 17:06",5.06,14682,"United Kingdom"
541418,22364,"GLASS JAR DIGESTIVE BISCUITS",1,"12-01-2010 17:06",5.91,14647,"United Kingdom"
541420,22371,"AIRLINE BAG VINTAGE TOKYO 78",3,"12-01-2010 17:06",8.47,12710,"United Kingdom"
541421,22376,"AIRLINE BAG VINTAGE JET SET WHITE",2,"12-01-2010 17:06",8.47,15292,"United Kingdom"
541422,22379,"RECYCLING BAG RETROSPOT ",2,"12-01-2010 17:06",4.21,15705,"United Kingdom"
541423,22381,"TOY TIDY PINK POLKADOT",1,"12-01-2010 17:06",4.21,13339,"United Kingdom"
541424,22386,"JUMBO BAG PINK POLKADOT",3,"12-01-2010 17:06",4.21,13885,"United Kingdom"
541425,22393,"PAPERWEIGHT VINTAGE COLLAGE",1,"12-01-2010 17:06",5.06,12360,"United Kingdom"
541429,22411,"JUMBO SHOPPER VINTAGE RED PAISLEY",2,"12-01-2010 17:06",4.21,15434,"United Kingdom"
541430,22413,"METAL SIGN TAKE IT OR LEAVE IT ",1,"12-01-2010 17:06",5.91,15734,"United Kingdom"
541435,22423,"REGENCY CAKESTAND 3 TIER",47,"12-01-2010 17:06",12.72,17521,"United Kingdom"
541436,22425,"ENAMEL COLANDER CREAM",1,"12-01-2010 17:06",10.17,15042,"United Kingdom"
541439,22427,"ENAMEL FLOWER JUG CREAM",1,"12-01-2010 17:06",11.87,12863,"United Kingdom"
541473,22428,"ENAMEL FIRE BUCKET CREAM",1,"12-01-2010 17:06",14.43,16091,"United Kingdom"
541474,22449,"SILK PURSE BABUSHKA PINK",1,"12-01-2010 17:06",6.77,15804,"United Kingdom"
541479,22451,"SILK PURSE BABUSHKA RED",1,"12-01-2010 17:06",6.77,14593,"United Kingdom"
541480,22458,"CAST IRON HOOK GARDEN FORK",1,"12-01-2010 17:06",5.06,14287,"United Kingdom"
541481,22459,"CAST IRON HOOK GARDEN TROWEL",1,"12-01-2010 17:06",5.06,16763,"United Kingdom"
541482,22467,"GUMBALL COAT RACK",1,"12-01-2010 17:06",5.06,14705,"United Kingdom"
541484,22472,"TV DINNER TRAY DOLLY GIRL",3,"12-01-2010 17:06",11.02,12815,"United Kingdom"
541485,22487,"WHITE WOOD GARDEN PLANT LADDER",1,"12-01-2010 17:06",20.38,14522,"United Kingdom"
541487,22499,"WOODEN UNION JACK BUNTING",1,"12-01-2010 17:06",12.72,14584,"United Kingdom"
541488,22501,"PICNIC BASKET WICKER LARGE",2,"12-01-2010 17:06",21.23,12974,"United Kingdom"
541489,22503,"CABIN BAG VINTAGE PAISLEY",1,"12-01-2010 17:06",59.53,12987,"United Kingdom"
541490,22508,"DOORSTOP RETROSPOT HEART",2,"12-01-2010 17:06",7.62,14816,"United Kingdom"
541505,22569,"FELTCRAFT CUSHION BUTTERFLY",2,"12-01-2010 17:06",7.62,12426,"United Kingdom"
541506,22570,"FELTCRAFT CUSHION RABBIT",1,"12-01-2010 17:06",7.62,14451,"United Kingdom"
541508,22580,"ADVENT CALENDAR GINGHAM SACK",1,"12-01-2010 17:06",11.87,15897,"United Kingdom"
541510,22582,"PACK OF 6 SWEETIE GIFT BOXES",2,"12-01-2010 17:06",5.06,15925,"United Kingdom"
541511,22583,"PACK OF 6 HANDBAG GIFT BOXES",1,"12-01-2010 17:06",5.06,12787,"United Kingdom"
541512,22584,"PACK OF 6 PANNETONE GIFT BOXES",1,"12-01-2010 17:06",5.06,15863,"United Kingdom"
541517,22588,"CARD HOLDER GINGHAM HEART",5,"12-01-2010 17:06",5.06,13070,"United Kingdom"
541518,22589,"CARDHOLDER GINGHAM STAR",2,"12-01-2010 17:06",5.06,14819,"United Kingdom"
541523,22619,"SET OF 6 SOLDIER SKITTLES",1,"12-01-2010 17:06",7.62,12473,"United Kingdom"
541525,22622,"BOX OF VINTAGE ALPHABET BLOCKS",1,"12-01-2010 17:06",21.23,14597,"United Kingdom"
541530,22624,"IVORY KITCHEN SCALES",1,"12-01-2010 17:06",16.98,13917,"United Kingdom"
541552,22625,"RED KITCHEN SCALES",1,"12-01-2010 17:06",16.98,13062,"United Kingdom"
541564,22631,"CIRCUS PARADE LUNCH BOX ",1,"12-01-2010 17:06",4.21,16484,"United Kingdom"
541565,22632,"HAND WARMER RED RETROSPOT",1,"12-01-2010 17:06",4.21,15184,"United Kingdom"
541566,22637,"PIGGY BANK RETROSPOT ",1,"12-01-2010 17:06",5.06,18135,"United Kingdom"
541568,22649,"STRAWBERRY FAIRY CAKE TEAPOT",2,"12-01-2010 17:06",11.02,17900,"United Kingdom"
541570,22659,"LUNCH BOX I LOVE LONDON",1,"12-01-2010 17:06",4.21,12517,"United Kingdom"
541571,22663,"JUMBO BAG DOLLY GIRL DESIGN",3,"12-01-2010 17:06",4.21,16529,"United Kingdom"
541572,22664,"TOY TIDY DOLLY GIRL DESIGN",3,"12-01-2010 17:06",4.21,17531,"United Kingdom"
541573,22665,"RECIPE BOX BLUE SKETCHBOOK DESIGN",1,"12-01-2010 17:06",5.91,16239,"United Kingdom"
541574,22666,"RECIPE BOX PANTRY YELLOW DESIGN",1,"12-01-2010 17:06",5.91,14500,"United Kingdom"
541575,22668,"PINK BABY BUNTING",1,"12-01-2010 17:06",5.91,16117,"United Kingdom"
541576,22669,"RED BABY BUNTING ",3,"12-01-2010 17:06",5.91,13248,"United Kingdom"
541586,22692,"DOORMAT WELCOME TO OUR HOME",1,"12-01-2010 17:06",7.95,16659,"United Kingdom"
541587,22694,"WICKER STAR ",1,"12-01-2010 17:06",4.21,16880,"United Kingdom"
541588,22696,"WICKER WREATH LARGE",1,"12-01-2010 17:06",4.21,13435,"United Kingdom"
541589,22697,"GREEN REGENCY TEACUP AND SAUCER",3,"12-01-2010 17:06",5.91,13131,"United Kingdom"
541590,22699,"ROSES REGENCY TEACUP AND SAUCER ",4,"12-01-2010 17:06",5.91,14891,"United Kingdom"
541593,22726,"ALARM CLOCK BAKELIKE GREEN",2,"12-01-2010 17:06",7.62,16963,"United Kingdom"
541594,22734,"SET OF 6 RIBBONS VINTAGE CHRISTMAS",1,"12-01-2010 17:06",5.06,13682,"United Kingdom"
541602,22742,"MAKE YOUR OWN PLAYTIME CARD KIT",1,"12-01-2010 17:06",5.91,12802,"United Kingdom"
541603,22745,"POPPY'S PLAYHOUSE BEDROOM ",1,"12-01-2010 17:06",4.21,15073,"United Kingdom"
541604,22746,"POPPY'S PLAYHOUSE LIVINGROOM ",2,"12-01-2010 17:06",4.21,16298,"United Kingdom"
541605,22747,"POPPY'S PLAYHOUSE BATHROOM",1,"12-01-2010 17:06",4.21,12535,"United Kingdom"
541606,22748,"POPPY'S PLAYHOUSE KITCHEN",1,"12-01-2010 17:06",4.21,18248,"United Kingdom"
541608,22749,"FELTCRAFT PRINCESS CHARLOTTE DOLL",2,"12-01-2010 17:06",7.62,15386,"United Kingdom"
541609,22751,"FELTCRAFT PRINCESS OLIVIA DOLL",1,"12-01-2010 17:06",7.62,17252,"United Kingdom"
541648,22781,"GUMBALL MAGAZINE RACK",1,"12-01-2010 17:06",15.28,15969,"United Kingdom"
541649,22788,"BROCANTE COAT RACK",1,"12-01-2010 17:06",20.38,13283,"United Kingdom"
541654,22794,"SWEETHEART WIRE MAGAZINE RACK",1,"12-01-2010 17:06",16.13,17124,"United Kingdom"
541655,22795,"SWEETHEART RECIPE BOOK STAND",3,"12-01-2010 17:06",13.57,17987,"United Kingdom"
541656,22798,"ANTIQUE GLASS DRESSING TABLE POT",2,"12-01-2010 17:06",5.91,13395,"United Kingdom"
541657,22800,"ANTIQUE TALL SWIRLGLASS TRINKET POT",2,"12-01-2010 17:06",7.62,17828,"United Kingdom"
541658,22801,"ANTIQUE GLASS PEDESTAL BOWL",2,"12-01-2010 17:06",7.62,15743,"United Kingdom"
541660,22810,"SET OF 6 T-LIGHTS SNOWMEN",1,"12-01-2010 17:06",5.91,14622,"United Kingdom"
541664,22812,"PACK 3 BOXES CHRISTMAS PANNETONE",3,"12-01-2010 17:06",4.21,15609,"United Kingdom"
541669,22813,"PACK 3 BOXES BIRD PANNETONE ",2,"12-01-2010 17:06",4.21,14561,"United Kingdom"
541671,22831,"WHITE BROCANTE SOAP DISH",1,"12-01-2010 17:06",5.91,16358,"United Kingdom"
541672,22834,"HAND WARMER BABUSHKA DESIGN",3,"12-01-2010 17:06",4.21,15238,"United Kingdom"
541673,22835,"HOT WATER BOTTLE I AM SO POORLY",5,"12-01-2010 17:06",9.32,13466,"United Kingdom"
541674,22837,"HOT WATER BOTTLE BABUSHKA ",3,"12-01-2010 17:06",9.32,17360,"United Kingdom"
541675,22841,"ROUND CAKE TIN VINTAGE GREEN",1,"12-01-2010 17:06",16.13,13510,"United Kingdom"
541676,22844,"VINTAGE CREAM DOG FOOD CONTAINER",1,"12-01-2010 17:06",16.98,12406,"United Kingdom"
541677,22854,"CREAM SWEETHEART EGG HOLDER",1,"12-01-2010 17:06",11.02,14241,"United Kingdom"
541679,22862,"LOVE HEART NAPKIN BOX ",1,"12-01-2010 17:06",8.47,14963,"United Kingdom"
541680,22863,"SOAP DISH BROCANTE",1,"12-01-2010 17:06",5.91,17169,"United Kingdom"
541681,22865,"HAND WARMER OWL DESIGN",7,"12-01-2010 17:06",4.21,15252,"United Kingdom"
541682,22866,"HAND WARMER SCOTTY DOG DESIGN",4,"12-01-2010 17:06",4.21,17731,"United Kingdom"
541683,22867,"HAND WARMER BIRD DESIGN",2,"12-01-2010 17:06",4.21,16113,"United Kingdom"
541684,22870,"NUMBER TILE COTTAGE GARDEN 2",1,"12-01-2010 17:06",4.21,12694,"United Kingdom"
541685,22890,"NOVELTY BISCUITS CAKE STAND 3 TIER",1,"12-01-2010 17:06",20.38,16107,"United Kingdom"
541686,22895,"SET OF 2 TEA TOWELS APPLE AND PEARS",5,"12-01-2010 17:06",5.91,17483,"United Kingdom"
541688,22898,"CHILDRENS APRON APPLES DESIGN",2,"12-01-2010 17:06",4.21,13686,"United Kingdom"
541689,22900," SET 2 TEA TOWELS I LOVE LONDON ",1,"12-01-2010 17:06",5.91,16581,"United Kingdom"
541690,22904,"CALENDAR PAPER CUT DESIGN",1,"12-01-2010 17:06",5.91,15267,"United Kingdom"
541693,22910,"PAPER CHAIN KIT VINTAGE CHRISTMAS",10,"12-01-2010 17:06",5.91,16614,"United Kingdom"
541694,22915,"ASSORTED BOTTLE TOP  MAGNETS ",1,"12-01-2010 17:06",5.06,12409,"United Kingdom"
541701,22940,"FELTCRAFT CHRISTMAS FAIRY",3,"12-01-2010 17:06",8.47,17265,"United Kingdom"
541702,22941,"CHRISTMAS LIGHTS 10 REINDEER",4,"12-01-2010 17:06",16.98,13617,"United Kingdom"
541703,22944,"CHRISTMAS METAL POSTCARD WITH BELLS",1,"12-01-2010 17:06",16.13,17242,"United Kingdom"
541704,22945,"CHRISTMAS METAL TAGS ASSORTED ",2,"12-01-2010 17:06",11.02,17289,"United Kingdom"
541705,22946,"WOODEN ADVENT CALENDAR CREAM",1,"12-01-2010 17:06",34,16018,"United Kingdom"
541706,22947,"WOODEN ADVENT CALENDAR RED",1,"12-01-2010 17:06",34,14704,"United Kingdom"
541707,22948,"METAL DECORATION NAUGHTY CHILDREN ",2,"12-01-2010 17:06",6.77,16794,"United Kingdom"
541711,22968,"ROSE COTTAGE KEEPSAKE BOX ",3,"12-01-2010 17:06",20.38,16342,"United Kingdom"
541787,35598,"BLACK CHRISTMAS TREE 60CM",1,"12-01-2010 17:06",6.77,14503,"United Kingdom"
541788,35599,"PINK AND WHITE CHRISTMAS TREE 120CM",1,"12-01-2010 17:06",5.91,16774,"United Kingdom"
541789,35637,"IVORY STRING CURTAIN WITH POLE ",1,"12-01-2010 17:06",19.53,13384,"United Kingdom"
541797,37370,"RETRO COFFEE MUGS ASSORTED",1,"12-01-2010 17:06",16.13,18165,"United Kingdom"
541798,37444,"PINK BREAKFAST CUP AND SAUCER ",1,"12-01-2010 17:06",5.91,17536,"United Kingdom"
541800,37450,"CERAMIC CAKE BOWL + HANGING CAKES",1,"12-01-2010 17:06",5.91,17651,"United Kingdom"
541802,46775,"SUNSET COLOUR CHUNKY KNITTED THROW",1,"12-01-2010 17:06",11.02,15585,"United Kingdom"
541809,46776,"WOVEN BERRIES CUSHION COVER ",1,"12-01-2010 17:06",4.21,17490,"United Kingdom"
541810,47563,"RETRO LONGBOARD IRONING BOARD COVER",1,"12-01-2010 17:06",5.91,16739,"United Kingdom"
541811,47566,"TEA TIME PARTY BUNTING",1,"12-01-2010 17:06",8.47,16276,"United Kingdom"
541812,47567,"TEA TIME KITCHEN APRON",1,"12-01-2010 17:06",12.72,17193,"United Kingdom"
541813,47590,"BLUE HAPPY BIRTHDAY BUNTING",1,"12-01-2010 17:06",11.02,16257,"United Kingdom"
541814,47590,"PINK HAPPY BIRTHDAY BUNTING",1,"12-01-2010 17:06",11.02,14285,"United Kingdom"
541816,47591,"PINK FAIRY CAKE CHILDRENS APRON",3,"12-01-2010 17:06",4.21,12816,"United Kingdom"
541818,47594,"CAROUSEL DESIGN WASHBAG",1,"12-01-2010 17:06",4.21,13575,"United Kingdom"
541821,47599,"PINK PARTY BAGS",1,"12-01-2010 17:06",4.21,17157,"United Kingdom"
541822,48111,"DOORMAT 3 SMILEY CATS",1,"12-01-2010 17:06",14.43,16852,"United Kingdom"
541823,48138,"DOORMAT UNION FLAG",1,"12-01-2010 17:06",14.43,15219,"United Kingdom"
541824,48187,"DOORMAT NEW ENGLAND",1,"12-01-2010 17:06",14.43,15014,"United Kingdom"
541825,48194,"DOORMAT HEARTS",1,"12-01-2010 17:06",14.43,14765,"United Kingdom"
541830,71477,"COLOUR GLASS. STAR T-LIGHT HOLDER",1,"12-01-2010 17:06",6.77,17879,"United Kingdom"
541834,72807,"SET/3 ROSE CANDLE IN JEWELLED BOX",1,"12-01-2010 17:06",8.47,13568,"United Kingdom"
541837,79067,"CORONA MEXICAN TRAY",1,"12-01-2010 17:06",8.47,15700,"United Kingdom"
541838,79302,"ART LIGHTS,FUNK MONKEY",1,"12-01-2010 17:06",5.91,17299,"United Kingdom"
541839,79321,"CHILLI LIGHTS",2,"12-01-2010 17:06",10.17,12837,"United Kingdom"
541844,82582,"AREA PATROLLED METAL SIGN",1,"12-01-2010 17:06",4.21,15840,"United Kingdom"
